,Rank,Title,Author,Avg_Rating,Num_Ratings,ISBN,ASIN,Genres,Series,Page_Number,Format
0,1,The Hunger Games,Suzanne Collins,4.34,9318770,9780439023481,0439023483,"Genres, Young Adult, Fiction, Fantasy, Science Fiction, Audiobook, Teen, Post Apocalyptic","The Hunger Games, #1",374,Hardcover
1,2,Harry Potter and the Order of the Phoenix,J.K. Rowling,4.5,3616863,Not found,0439686520,"Genres, Fantasy, Young Adult, Fiction, Magic, Audiobook, Childrens, Adventure","Harry Potter, #5",912,Paperback
2,3,Pride and Prejudice,Jane Austen,4.29,4517843,9781441341709,1441341706,"Genres, Fiction, Historical Fiction, Historical, Literature, Audiobook, Novels, Historical Romance",,279,Paperback
3,4,To Kill a Mockingbird,Harper Lee,4.26,6564282,9780060935467,0060935464,"Genres, Fiction, Historical Fiction, School, Literature, Young Adult, Historical, Read For School",,323,Paperback
4,5,The Book Thief,Markus Zusak,4.39,2746358,Not found,0375831002,"Genres, Historical Fiction, Fiction, Young Adult, Classics, Historical, War, World War II",,592,Kindle Edition
5,6,Twilight,Stephenie Meyer,3.66,7001576,9780316015844,0316015849,"Genres, Fantasy, Young Adult, Romance, Fiction, Vampires, Paranormal, Paranormal Romance","The Twilight Saga, #1",498,Paperback
6,7,Animal Farm,George Orwell,,4227932,9780451526342,B0D7LQMF4N,"Genres, Fiction, Dystopia, Fantasy, School, Literature, Science Fiction, Novels",,141,Mass Market Paperback
7,8,J.R.R. Tolkien 4-Book Boxed Set: The Hobbit and The Lord of the Rings,J.R.R. Tolkien,4.61,139673,9780345538376,0345538374,"Genres, Fantasy, Fiction, Classics, Adventure, Science Fiction Fantasy, Epic Fantasy, High Fantasy",,1728,Mass Market Paperback
8,9,The Chronicles of Narnia,C.S. Lewis,4.28,685690,9780066238500,0066238501,"Genres, Fantasy, Classics, Fiction, Young Adult, Childrens, Christian, Middle Grade","The Chronicles of Narnia, #1-7",767,Paperback
9,10,The Fault in Our Stars,John Green,4.13,5480703,Not found,0525478817,"Genres, Young Adult, Fiction, Contemporary, Realistic Fiction, Coming Of Age, Teen, Novels",,313,Hardcover
10,11,The Picture of Dorian Gray,Oscar Wilde,4.13,1719898,Not found,B0CPCB8FJQ,"Genres, Classics, Fiction, Horror, Gothic, Fantasy, Literature, Novels",,272,Paperback
11,12,The Giving Tree,Shel Silverstein,4.38,1190454,9780060256654,0060256656,"Genres, Childrens, Classics, Fiction, Picture Books, Poetry, Young Adult, Fantasy",,64,Hardcover
12,13,Wuthering Heights,Emily Brontë,3.9,1921928,Not found,B00LMSVTO0,"Genres, Fiction, Gothic, Historical Fiction, Literature, Historical, 19th Century, Novels",,464,Paperback
13,14,Gone with the Wind,Margaret Mitchell,4.31,1247885,9780446365383,0446365386,"Genres, Classics, Historical Fiction, Fiction, Romance, Historical, Literature, War",,1037,Mass Market Paperback
14,15,The Lightning Thief,Rick Riordan,4.31,3264460,9780786838653,0786838655,"Genres, Fantasy, Young Adult, Mythology, Fiction, Middle Grade, Adventure, Greek Mythology","Percy Jackson and the Olympians, #1",377,Paperback
15,16,The Perks of Being a Wallflower,Stephen Chbosky,4.23,1910363,Not found,B00QPHG1ZK,"Genres, Young Adult, Fiction, Classics, Coming Of Age, Romance, Mental Health, Realistic Fiction",,213,Hardcover
16,17,The Little Prince,Antoine de Saint-Exupéry,4.33,2302532,9780152023980,0152023984,"Genres, Classics, Fiction, Fantasy, Childrens, France, Philosophy, Young Adult",,96,Hardcover
17,18,Jane Eyre,Charlotte Brontë,4.15,2219334,9780142437209,0142437204,"Genres, Fiction, Gothic, Historical Fiction, Literature, Historical, School, Audiobook",,532,Paperback
18,19,The Great Gatsby,F. Scott Fitzgerald,3.93,5602558,9780743273565,0743273567,"Genres, Fiction, School, Historical Fiction, Romance, Literature, Novels, Read For School",,180,Paperback
19,20,Crime and Punishment,Fyodor Dostoevsky,4.28,991849,Not found,Not found,"Genres, Fiction, Russia, Russian Literature, Literature, Philosophy, Novels, Crime",,671,Paperback
20,21,The da Vinci Code,Dan Brown,3.93,2445294,Not found,B0DVH1BKQC,"Genres, Fiction, Mystery, Thriller, Mystery Thriller, Historical Fiction, Suspense, Adventure","Robert Langdon, #2",489,Paperback
21,22,Alice’s Adventures in Wonderland / Through the Looking-Glass,Lewis Carroll,4.07,588901,Not found,B0948LPG76,"Genres, Fantasy, Fiction, Classics, Childrens, Young Adult, Literature, Adventure",,239,Paperback
22,23,Divergent,Veronica Roth,4.14,4216029,9780062024039,0062024035,"Genres, Young Adult, Dystopia, Fantasy, Fiction, Science Fiction, Romance, Teen","Divergent, #1",487,Paperback
23,24,Memoirs of a Geisha,Arthur Golden,4.16,2062520,9781400096893,1400096898,"Genres, Fiction, Historical Fiction, Romance, Historical, Novels, Asia, Adult Fiction",,503,Mass Market Paperback
24,25,Les Misérables,Victor Hugo,4.21,824467,9780451525260,0451525264,"Genres, Fiction, Historical Fiction, Literature, France, Historical, Novels, French Literature",,1463,Mass Market Paperback
25,26,The Alchemist,Paulo Coelho,3.92,3337364,9780061122415,B00A2KBUGQ,"Genres, Fiction, Fantasy, Philosophy, Self Help, Novels, Spirituality, Audiobook",,197,Paperback
26,27,Anne of Green Gables,L.M. Montgomery,4.32,1054161,9780451528827,0451528824,"Genres, Classics, Fiction, Young Adult, Historical Fiction, Childrens, Middle Grade, Audiobook","Anne of Green Gables, #1",320,Mass Market Paperback
27,28,Lord of the Flies,William Golding,3.7,3065278,9780140283334,0140283331,"Genres, Fiction, Classics, Young Adult, School, Dystopia, Literature, Read For School",,182,Paperback
28,29,Romeo and Juliet,William Shakespeare,3.74,2725967,9780743477116,0743477111,"Genres, Classics, Plays, Fiction, School, Read For School, Literature, High School",,281,Mass Market Paperback
29,30,The Hitchhiker’s Guide to the Galaxy,Douglas Adams,4.23,1938192,Not found,B0DLST8SW8,"Genres, Science Fiction, Fiction, Humor, Fantasy, Comedy, Audiobook, Science Fiction Fantasy","Hitchhiker's Guide to the Galaxy, #1",216,Mass Market Paperback
30,31,City of Bones,Cassandra Clare,4.07,2098845,9781416914280,1416914285,"Genres, Fantasy, Young Adult, Romance, Paranormal, Urban Fantasy, Fiction, Vampires","The Mortal Instruments, #1",485,Hardcover
31,32,The Help,Kathryn Stockett,4.46,2919452,9780399155345,B009CUIY52,"Genres, Fiction, Historical Fiction, Historical, Adult Fiction, Contemporary, Audiobook, Book Club",,464,Hardcover
32,33,Dracula,Bram Stoker,4.02,1382011,9780393970128,0393970124,"Genres, Horror, Fiction, Fantasy, Gothic, Paranormal, Literature, Vampires",,488,Paperback
33,34,Charlotte’s Web,E.B. White,4.2,1956918,9780064410939,0064410935,"Genres, Fiction, Childrens, Classics, Fantasy, Young Adult, Middle Grade, Animals",,184,Paperback
34,35,Ender’s Game,Orson Scott Card,4.31,1431622,9780812550702,0812550706,"Genres, Science Fiction, Fiction, Young Adult, Fantasy, Classics, Science Fiction Fantasy, Dystopia","Ender's Saga, #1",324,Mass Market Paperback
35,36,Fahrenheit 451,Ray Bradbury,3.97,2635692,Not found,B0064CPN7I,"Genres, Fiction, Science Fiction, Dystopia, School, Literature, Novels, Audiobook",,194,Kindle Edition
36,37,Of Mice and Men,John Steinbeck,3.89,2700572,9780142000670,0142000671,"Genres, Fiction, School, Historical Fiction, Literature, Read For School, Novels, High School",,107,Paperback
37,38,Brave New World,Aldous Huxley,3.99,1971576,9780060929879,0060929871,"Genres, Fiction, Science Fiction, Dystopia, Literature, Novels, School, Audiobook",,268,Paperback
38,39,The Catcher in the Rye,J.D. Salinger,3.8,3734101,9780316769174,0316769177,"Genres, Classics, Fiction, Young Adult, Literature, School, Coming Of Age, Novels",,277,Paperback
39,40,One hundred years of solitude,Gabriel García Márquez,4.12,1044089,Not found,B0DLT3N34W,"Genres, Fiction, Magical Realism, Fantasy, Literature, Historical Fiction, Novels, Spanish Literature",,417,Mass Market Paperback
40,41,A Thousand Splendid Suns,Khaled Hosseini,4.45,1641637,9781594489501,B002FVPH5A,"Genres, Fiction, Historical Fiction, Historical, Classics, Novels, War, Literary Fiction",,372,Hardcover
41,42,1984,George Orwell,4.2,5063788,Not found,B0DWTVHT8T,"Genres, Classics, Fiction, Science Fiction, Dystopia, Literature, Politics, Novels",,298,ebook
42,43,Little Women,Louisa May Alcott,4.16,2349811,Not found,0451529308,"Genres, Fiction, Historical Fiction, Young Adult, Romance, Historical, Literature, Audiobook","Little Women, #1",449,Mass Market Paperback
43,44,The Outsiders,S.E. Hinton,4.14,1487514,9780670532575,0670532576,"Genres, Classics, Young Adult, Fiction, School, Read For School, Coming Of Age, Realistic Fiction",,208,Mass Market Paperback
44,45,The Princess Bride,William Goldman,4.27,925418,9780345418265,0345418263,"Genres, Fantasy, Fiction, Romance, Humor, Adventure, Young Adult, Classics",,429,Paperback
45,46,The Secret Garden,Frances Hodgson Burnett,4.16,1238963,9780517189603,0517189607,"Genres, Fiction, Classics, Childrens, Young Adult, Historical Fiction, Middle Grade, Audiobook",,331,Hardcover
46,47,The Time Traveler's Wife,Audrey Niffenegger,,1830878,9781939126016,1939126010,"Genres, Fiction, Romance, Fantasy, Time Travel, Science Fiction, Contemporary, Chick Lit",,537,ebook
47,48,A Game of Thrones,George R.R. Martin,4.45,2631401,9780553588484,0553588486,"Genres, Fantasy, Fiction, Epic Fantasy, High Fantasy, Audiobook, Science Fiction Fantasy, Adventure","A Song of Ice and Fire, #1",835,Mass Market Paperback
48,49,Harry Potter and the Sorcerer’s Stone,J.K. Rowling,4.47,10831938,Not found,B07SBCZ16W,"Genres, Fantasy, Fiction, Young Adult, Magic, Childrens, Middle Grade, Audiobook","Harry Potter, #1",333,Kindle Edition
49,50,Harry Potter and the Deathly Hallows,J.K. Rowling,4.62,3940022,Not found,0545010225,"Genres, Young Adult, Fiction, Magic, Childrens, Audiobook, Adventure, Middle Grade","Harry Potter, #7",759,Hardcover
50,51,A Wrinkle in Time,Madeleine L'Engle,3.98,1246378,9781250153272,1250153271,"Genres, Fantasy, Fiction, Classics, Young Adult, Science Fiction, Childrens, Middle Grade","Time Quintet, #1",218,Paperback
51,52,The Odyssey,Homer,3.82,1136887,9780143039952,0143039954,"Genres, Fiction, Poetry, Mythology, Fantasy, School, Literature, Adventure",,541,Paperback
52,53,Frankenstein: The 1818 Text,Mary Wollstonecraft Shelley,3.88,1728881,9780143131847,0143131842,"Genres, Horror, Fiction, Science Fiction, Gothic, Fantasy, School, Literature",,260,Paperback
53,54,The Kite Runner,Khaled Hosseini,4.35,3336334,9781594631931,159463193X,"Genres, Fiction, Historical Fiction, Contemporary, Novels, Historical, School, Literature",,371,Paperback
54,55,The Giver,Lois Lowry,4.12,2674765,9780385732550,0385732554,"Genres, Young Adult, Fiction, Classics, Dystopia, Science Fiction, Fantasy, School","The Giver, #1",208,Paperback
55,56,The Handmaid’s Tale,Margaret Atwood,4.15,2236448,9780385490818,038549081X,"Genres, Fiction, Classics, Dystopia, Science Fiction, Feminism, Fantasy, Audiobook","The Handmaid's Tale, #1",311,Paperback
56,57,Harry Potter and the Prisoner of Azkaban,J.K. Rowling,4.58,4563162,9780439655484,043965548X,"Genres, Fantasy, Fiction, Young Adult, Magic, Childrens, Audiobook, Middle Grade","Harry Potter, #3",435,Mass Market Paperback
57,58,Where the Wild Things Are,Maurice Sendak,4.25,1034305,9780099408390,B00BG704OS,"Genres, Picture Books, Childrens, Fiction, Classics, Fantasy, Adventure, Young Adult",,38,Paperback
58,59,The Lovely Bones,Alice Sebold,3.86,2421669,9780316166683,0316166685,"Genres, Fiction, Mystery, Young Adult, Contemporary, Fantasy, Thriller, Crime",,372,Mass Market Paperback
59,60,Green Eggs and Ham,Dr. Seuss,4.31,817071,9780394800165,B00297Y0JO,"Genres, Childrens, Picture Books, Classics, Fiction, Poetry, Fantasy, Humor",,64,Hardcover
60,61,The Adventures of Huckleberry Finn,Mark Twain,3.83,1303886,9780142437179,0142437174,"Genres, Fiction, Classics, Historical Fiction, Literature, Adventure, Young Adult, School",,327,Paperback
61,62,Dune,Frank Herbert,4.28,1527514,9780593099322,059309932X,"Genres, Science Fiction, Fantasy, Audiobook, Science Fiction Fantasy, Classics, Novels, Adventure","Dune, #1",658,Hardcover
62,63,Life of Pi,Yann Martel,3.94,1700609,9780770430078,0770430074,"Genres, Fiction, Fantasy, Classics, Adventure, Magical Realism, Novels, Literature",,460,Paperback
63,64,A Tale of Two Cities,Charles Dickens,3.87,986135,9780141439600,0141439602,"Genres, Classics, Fiction, Historical Fiction, Literature, Historical, Novels, School",,489,Paperback
64,65,Lolita,Vladimir Nabokov,3.87,899617,9780679723165,0679723161,"Genres, Fiction, Literature, Russia, Novels, Romance, Russian Literature, Literary Fiction",,368,Paperback
65,66,Slaughterhouse-Five,Kurt Vonnegut Jr.,4.1,1427939,Not found,Not found,"Genres, Fiction, Science Fiction, Classics, Historical Fiction, War, Literature, Novels",,275,Paperback
66,67,Water for Elephants,Sara Gruen,4.11,1666323,9781565125605,1565125606,"Genres, Fiction, Historical Fiction, Romance, Historical, Adult Fiction, Contemporary, Audiobook",,368,Paperback
67,68,The Bell Jar,Sylvia Plath,4.06,1100469,9780571268863,0571268862,"Genres, Fiction, Feminism, Mental Health, Psychology, Literature, Literary Fiction, Novels",,294,Paperback
68,69,Matilda,Roald Dahl,4.33,1038199,9780435123987,043512398X,"Genres, Fiction, Childrens, Classics, Fantasy, Middle Grade, Young Adult, Humor",,240,Hardcover
69,70,The Stand,Stephen King,4.35,800956,Not found,Not found,"Genres, Horror, Fiction, Fantasy, Science Fiction, Post Apocalyptic, Thriller, Dystopia",,1152,Hardcover
70,71,Catch-22,Joseph Heller,3.99,861661,9780684833392,0684833395,"Genres, Classics, Fiction, Historical Fiction, War, Humor, Literature, Novels",,453,Paperback
71,72,The Girl With the Dragon Tattoo,Stieg Larsson,4.17,3332725,9780670069019,0670069019,"Genres, Fiction, Mystery, Thriller, Crime, Mystery Thriller, Suspense, Contemporary",Millennium #1,480,Hardcover
72,73,The Adventures of Sherlock Holmes,Arthur Conan Doyle,4.3,316038,Not found,Not found,"Genres, Mystery, Fiction, Short Stories, Crime, Classics, Audiobook, Mystery Thriller","Sherlock Holmes, #3",389,Paperback
73,74,The Pillars of the Earth,Ken Follett,4.34,797476,9780451222138,045122213X,"Genres, Historical Fiction, Fiction, Historical, Fantasy, Classics, Audiobook, Medieval","Kingsbridge, #1",976,Paperback
74,75,Watership Down,Richard Adams,4.09,494130,9780380395866,038039586X,"Genres, Classics, Fiction, Fantasy, Young Adult, Animals, Adventure, Childrens","Watership Down, #1",478,Mass Market Paperback
75,76,Rebecca,Daphne du Maurier,4.25,678317,9780316323703,B00HG5I1TE,"Genres, Fiction, Mystery, Gothic, Romance, Classics, Historical Fiction, Thriller",,449,Kindle Edition
76,77,Great Expectations,Charles Dickens,3.8,844988,9780192833594,0192833596,"Genres, Classics, Fiction, Literature, Historical Fiction, School, Novels, Classic Literature",,544,Paperback
77,78,The Color Purple,Alice Walker,4.27,724773,9780143135692,0143135694,"Genres, Fiction, Historical Fiction, Feminism, LGBT, Historical, Queer, Banned Books",,287,Paperback
78,79,Outlander,Diana Gabaldon,4.26,1116518,9780440242949,0440242940,"Genres, Historical Fiction, Romance, Fantasy, Fiction, Time Travel, Historical, Historical Romance","Outlander, #1",850,Mass Market Paperback
79,80,Anna Karenina,Leo Tolstoy,4.1,889947,9780345803924,0345803922,"Genres, Fiction, Romance, Russia, Historical Fiction, Literature, Russian Literature, Novels",,964,Paperback
80,81,One Flew Over the Cuckoo’s Nest,Ken Kesey,4.2,758365,Not found,B0072Q4CYA,"Genres, Fiction, Classics, Psychology, Literature, Novels, Mental Health, School",,325,Mass Market Paperback
81,82,The Fellowship of the Ring,J.R.R. Tolkien,4.4,2982464,Not found,B0DT42KYKH,"Genres, Fantasy, Classics, Fiction, Adventure, Audiobook, High Fantasy, Science Fiction Fantasy","The Lord of the Rings, #1",432,Kindle Edition
82,83,My Sister’s Keeper,Jodi Picoult,4.1,1254269,9780743454537,0743454537,"Genres, Fiction, Chick Lit, Young Adult, Drama, Adult Fiction, Realistic Fiction, Contemporary",,423,Paperback
83,84,The Brothers Karamazov,Fyodor Dostoevsky,4.38,358572,9780374528379,0374528373,"Genres, Fiction, Russia, Classics, Russian Literature, Literature, Philosophy, Novels",,796,Paperback
84,85,A Tree Grows in Brooklyn,Betty Smith,4.3,489023,9780061120077,0061120073,"Genres, Fiction, Historical Fiction, Classics, Young Adult, Coming Of Age, Historical, New York",,496,Paperback
85,86,A Clockwork Orange,Anthony Burgess,,743872,9780393341768,0393341763,"Genres, Fiction, Science Fiction, Dystopia, Horror, Literature, Novels, Banned Books",,240,Paperback
86,87,To Kill a Mockingbird,Harper Lee,4.26,6564282,Not found,B0DSZNXDQ6,"Genres, Fiction, Historical Fiction, School, Literature, Young Adult, Historical, Read For School",,323,Paperback
87,88,The Road,Cormac McCarthy,3.99,974995,9780307265432,0307265439,"Genres, Fiction, Science Fiction, Dystopia, Post Apocalyptic, Horror, Literature, Novels",,241,Hardcover
88,89,The Golden Compass,Philip Pullman,4.03,1578839,9780679879244,B001NAR73E,"Genres, Fantasy, Young Adult, Fiction, Childrens, Adventure, Middle Grade, Audiobook","His Dark Materials, #1",399,Hardcover
89,90,Vampire Academy,Richelle Mead,4.11,667681,9781595141743,159514174X,"Genres, Fantasy, Young Adult, Vampires, Paranormal, Romance, Urban Fantasy, Fiction","Vampire Academy, #1",332,Paperback
90,91,Siddhartha,Hermann Hesse,4.08,827447,Not found,B008YEAALS,"Genres, Fiction, Philosophy, Spirituality, Literature, Classics, Buddhism, German Literature",,152,Mass Market Paperback
91,92,Angela’s Ashes,Frank McCourt,4.15,645632,9780007205233,0007205236,"Genres, Nonfiction, Memoir, Biography, Classics, Ireland, Autobiography, Biography Memoir","Frank McCourt, #1",452,Paperback
92,93,Don Quixote,Miguel de Cervantes Saavedra,3.9,291322,Not found,0142437239,"Genres, Fiction, Classics, Literature, Spanish Literature, Adventure, Historical Fiction, Novels",,1023,Paperback
93,94,Harry Potter and the Goblet of Fire,J.K. Rowling,4.57,3982835,Not found,B0DV2Y66LK,"Genres, Fantasy, Fiction, Young Adult, Magic, Childrens, Audiobook, Middle Grade","Harry Potter, #4",752,Hardcover
94,95,The Old Man and the Sea,Ernest Hemingway,3.81,1236234,9780684830490,0684830493,"Genres, Fiction, Literature, Novels, School, American, Adventure, Literary Fiction",,96,Hardcover
95,96,The Poisonwood Bible,Barbara Kingsolver,4.1,769680,9780060786502,0060786507,"Genres, Fiction, Historical Fiction, Africa, Classics, Literary Fiction, Historical, Literature",,546,Paperback
96,97,And Then There Were None,Agatha Christie,4.28,1497601,9780312330873,0312330871,"Genres, Mystery, Fiction, Thriller, Crime, Mystery Thriller, Classics, Audiobook",,264,Paperback
97,98,The Complete Stories and Poems,Edgar Allan Poe,4.4,287738,9780385074070,0385074077,"Genres, Classics, Poetry, Horror, Fiction, Short Stories, Gothic, Mystery",,821,Hardcover
98,99,Atlas Shrugged,Ayn Rand,3.69,399733,9780452011878,0452011876,"Genres, Fiction, Classics, Philosophy, Politics, Literature, Science Fiction, Novels",,1168,Paperback
99,100,Interview with the Vampire,Anne Rice,4.02,624171,9780345476876,0345476875,"Genres, Horror, Fantasy, Fiction, Vampires, Paranormal, Classics, Gothic","The Vampire Chronicles, #1",346,Paperback
100,101,Winnie-the-Pooh,A.A. Milne,4.38,386930,9780525467564,0525467564,"Genres, Childrens, Fiction, Classics, Fantasy, Animals, Audiobook, Middle Grade","Winnie-the-Pooh, #1",161,Hardcover
101,102,The Notebook,Nicholas Sparks,4.16,1784370,Not found,B000Q67J66,"Genres, Romance, Fiction, Chick Lit, Contemporary, Classics, Adult Fiction, Contemporary Romance","The Notebook, #1",227,Kindle Edition
102,103,Harry Potter and the Half-Blood Prince,J.K. Rowling,4.58,3495490,Not found,Not found,"Genres, Fantasy, Fiction, Young Adult, Magic, Childrens, Audiobook, Adventure","Harry Potter, #6",672,Hardcover
103,104,Fahrenheit 451,Ray Bradbury,3.97,2635709,9780307347978,0307347974,"Genres, Fiction, Science Fiction, Dystopia, School, Literature, Novels, Audiobook",,158,Mass Market Paperback
104,105,The Shining,Stephen King,4.28,1615787,9780450040184,0450040186,"Genres, Horror, Fiction, Thriller, Classics, Fantasy, Paranormal, Mystery","The Shining, #1",497,Paperback
105,106,"Moby-Dick or, The Whale",Herman Melville,3.56,593435,9780142437247,0142437247,"Genres, Fiction, Literature, Adventure, Historical Fiction, Novels, American, 19th Century",,720,Paperback
106,107,A Prayer for Owen Meany,John Irving,4.24,329220,9780552135399,0552135399,"Genres, Fiction, Classics, Contemporary, Literature, Literary Fiction, Historical Fiction, Novels",,637,Paperback
107,108,The Stranger,Albert Camus,4.03,1258313,Not found,B01181UBSU,"Genres, Classics, Fiction, Philosophy, France, Literature, Novels, French Literature",,123,Paperback
108,109,Clockwork Angel,Cassandra Clare,4.31,857912,9781416975861,1416975861,"Genres, Fantasy, Young Adult, Romance, Paranormal, Steampunk, Historical Fiction, Fiction","The Infernal Devices, #1",479,Hardcover
109,110,Harry Potter and the Chamber of Secrets,J.K. Rowling,4.43,4253686,Not found,B00ES27LCQ,"Genres, Fantasy, Fiction, Young Adult, Magic, Childrens, Audiobook, Middle Grade","Harry Potter, #2",352,Hardcover
110,111,The Secret Life of Bees,Sue Monk Kidd,4.1,1326085,9780142001745,0142001740,"Genres, Fiction, Historical Fiction, Classics, Young Adult, Historical, Contemporary, Coming Of Age",,302,Paperback
111,112,It,Stephen King,4.24,1202429,9780450411434,0450411435,"Genres, Horror, Fiction, Thriller, Fantasy, Classics, Audiobook, Mystery",,1184,Paperback
112,113,"The Hobbit, or There and Back Again",J.R.R. Tolkien,4.29,4270183,Not found,B0DN8P5BQF,"Genres, Fantasy, Fiction, Classics, Adventure, Young Adult, High Fantasy, Audiobook",,366,Paperback
113,114,The Red Tent,Anita Diamant,4.2,617456,9780312353766,0312353766,"Genres, Historical Fiction, Fiction, Historical, Religion, Book Club, Feminism, Womens",,324,Hardcover
114,115,The Name of the Wind,Patrick Rothfuss,4.52,1030105,9780756404079,075640407X,"Genres, Fantasy, Fiction, Epic Fantasy, High Fantasy, Audiobook, Magic, Science Fiction Fantasy","The Kingkiller Chronicle, #1",662,Hardcover
115,116,The Metamorphosis,Franz Kafka,3.89,1279010,9780553213690,0553213695,"Genres, Classics, Fiction, Fantasy, Philosophy, Short Stories, Literature, School",,201,Mass Market Paperback
116,117,The Master and Margarita,Mikhail Bulgakov,4.29,388621,9780679760801,0679760806,"Genres, Fiction, Russia, Fantasy, Russian Literature, Magical Realism, Literature, Novels",,372,Paperback
117,118,A Story of Yesterday,Sergio Cobo,4.54,15031,Not found,B09F9L2VXP,"Genres, Thriller, Mystery, Spanish Literature, European Literature, Fiction, Magical Realism, Crime",,70,Kindle Edition
118,119,The Count of Monte Cristo,Alexandre Dumas,4.31,967913,9780140449266,0140449264,"Genres, Fiction, Historical Fiction, Adventure, Literature, France, Historical, Audiobook",,1276,Paperback
119,120,Eragon,Christopher Paolini,3.96,1873609,9780375826696,B0042B4JAK,"Genres, Fantasy, Young Adult, Fiction, Dragons, Adventure, Magic, High Fantasy",The Inheritance Cycle #1,503,Paperback
120,121,The Last Olympian,Rick Riordan,4.55,1090250,9781423101475,1423101472,"Genres, Fantasy, Young Adult, Mythology, Fiction, Middle Grade, Adventure, Greek Mythology","Percy Jackson and the Olympians, #5",381,Hardcover
121,122,The Very Hungry Caterpillar,Eric Carle,4.34,531355,9780241003008,B01BITQJP6,"Genres, Picture Books, Childrens, Fiction, Animals, Classics, Food, Counting",,26,Board book
122,123,Looking for Alaska,John Green,3.96,1691145,9781435249158,1435249151,"Genres, Young Adult, Fiction, Contemporary, Romance, Realistic Fiction, Coming Of Age, Teen",,221,Paperback
123,124,Middlesex,Jeffrey Eugenides,4.04,652075,9780312422158,0312422156,"Genres, Fiction, Historical Fiction, Contemporary, LGBT, Classics, Literary Fiction, Queer",,529,Paperback
124,125,Charlie and the Chocolate Factory,Roald Dahl,4.16,892169,9780142403884,0142403881,"Genres, Fiction, Fantasy, Childrens, Young Adult, Middle Grade, Classics, Humor","Charlie Bucket, #1",176,Paperback
125,126,The Adventures of Tom Sawyer,Mark Twain,3.92,981551,9780143039563,0143039563,"Genres, Fiction, Classics, Adventure, Historical Fiction, Young Adult, Literature, Childrens",,244,Paperback
126,127,"The Lion, the Witch and the Wardrobe",C.S. Lewis,4.24,2988979,Not found,B000QQKTGI,"Genres, Fantasy, Fiction, Young Adult, Childrens, Classics, Middle Grade, Adventure","Chronicles of Narnia, #1",206,Paperback
127,128,The Shadow of the Wind,Carlos Ruiz Zafón,4.3,681193,Not found,0143034901,"Genres, Fiction, Historical Fiction, Mystery, Fantasy, Books About Books, Historical, Spain","The Cemetery of Forgotten Books, #1",487,Paperback
128,129,The Curious Incident of the Dog in the Night-Time,Mark Haddon,3.89,1545601,9781400032716,1400032717,"Genres, Fiction, Mystery, Young Adult, Classics, Autistic Spectrum Disorder, Novels, Contemporary",,226,Paperback
129,130,"Tuesdays with Morrie: An Old Man, a Young Man, and Life's Greatest Lesson",Mitch Albom,4.19,1119352,Not found,B09WVKQ4G4,"Genres, Nonfiction, Memoir, Biography, Classics, Philosophy, Self Help, Inspirational",,210,Paperback
130,131,The Unbearable Lightness of Being,Milan Kundera,4.11,511212,9780571224388,0571224385,"Genres, Fiction, Philosophy, Literature, Novels, Romance, Czech Literature, Classics",,314,Paperback
131,132,The Name of the Rose,Umberto Eco,4.14,381445,9780156001311,0156001314,"Genres, Fiction, Historical Fiction, Mystery, Historical, Literature, Italy, Crime",,552,Paperback
132,133,Holes,Louis Sachar,4.01,1301313,9780439244190,0439244196,"Genres, Young Adult, Fiction, Middle Grade, Childrens, Classics, School, Realistic Fiction","Holes, #1",272,Paperback
133,134,On the Road,Jack Kerouac,3.61,431012,9780140042597,0140042598,"Genres, Fiction, Travel, Literature, Classics, Novels, American, Adventure",,307,Paperback
134,135,Six of Crows,Leigh Bardugo,4.47,1065200,9781627792127,1627792120,"Genres, Fantasy, Young Adult, Fiction, Young Adult Fantasy, LGBT, Adventure, Magic","Six of Crows, #1",480,Hardcover
135,136,Where the Red Fern Grows,Wilson Rawls,4.12,426836,9780375806810,0375806814,"Genres, Classics, Fiction, Young Adult, Childrens, Historical Fiction, Middle Grade, Animals",,272,Mass Market Paperback
136,137,The Godfather,Mario Puzo,4.39,444913,Not found,Not found,"Genres, Fiction, Classics, Crime, Thriller, Historical Fiction, Mystery, Novels","The Godfather, #1",448,Paperback
137,138,Perfume: The Story of a Murderer,Patrick Süskind,4.04,515130,Not found,Not found,"Genres, Fiction, Classics, Historical Fiction, Horror, Thriller, Mystery, Crime",,263,Paperback
138,139,In Cold Blood,Truman Capote,4.09,698118,9780679745587,0679745580,"Genres, Nonfiction, True Crime, Crime, Mystery, History, Classics, Thriller",,343,Paperback
139,140,The Scarlet Letter,Nathaniel Hawthorne,3.44,893265,9780142437261,0142437263,"Genres, Fiction, Historical Fiction, School, Literature, High School, Historical, Read For School",,279,Paperback
140,141,American Gods,Neil Gaiman,4.11,969266,Not found,B004YW4L5K,"Genres, Fantasy, Fiction, Mythology, Urban Fantasy, Audiobook, Science Fiction, Science Fiction Fantasy",,635,Kindle Edition
141,142,Fight Club,Chuck Palahniuk,4.18,620755,9780393355949,0393355942,"Genres, Fiction, Classics, Thriller, Novels, Mystery, Literature, Audiobook",,224,Paperback
142,143,The Five People You Meet in Heaven,Mitch Albom,,763446,9780786868711,0786868716,"Genres, Fiction, Contemporary, Inspirational, Fantasy, Classics, Spirituality, Philosophy",,196,Hardcover
143,144,Watchmen,Alan Moore,4.38,578899,9780930289232,0930289234,"Genres, Graphic Novels, Fiction, Science Fiction, Fantasy, Graphic Novels Comics, Classics, Comic Book",,416,Paperback
144,145,The Girl Who Played With Fire,Stieg Larsson,4.26,955897,9780307269980,0307269981,"Genres, Fiction, Mystery, Thriller, Crime, Mystery Thriller, Suspense, Audiobook",Millennium #2,503,Hardcover
145,146,The Divine Comedy: Inferno - Purgatorio - Paradiso,Dante Alighieri,4.08,163495,9780679433132,0679433139,"Genres, Poetry, Fiction, Literature, Philosophy, Fantasy, Italian Literature, Italy",,798,Hardcover
146,147,The Cat in the Hat,Dr. Seuss,4.19,567104,9780394800011,039480001X,"Genres, Childrens, Picture Books, Fiction, Poetry, Classics, Fantasy, Humor","Cat in the Hat, #1",61,Hardcover
147,148,All Quiet on the Western Front,Erich Maria Remarque,4.09,490602,9780449213940,B00EJ3APSG,"Genres, Fiction, Historical Fiction, War, Classics, Historical, Literature, School",,296,Mass Market Paperback
148,149,"Good Omens: The Nice and Accurate Prophecies of Agnes Nutter, Witch",Terry Pratchett,4.25,797495,Not found,B007NBGZEE,"Genres, Fantasy, Fiction, Humor, Audiobook, Comedy, Urban Fantasy, Science Fiction Fantasy",,491,Mass Market Paperback
149,150,"Hush, Hush",Becca Fitzpatrick,3.92,729087,9781416989417,1416989412,"Genres, Fantasy, Young Adult, Romance, Paranormal, Angels, Paranormal Romance, Fiction","Hush, Hush, #1",391,Hardcover
150,151,The Little House Collection,Laura Ingalls Wilder,4.36,155519,9780060529963,0060529962,"Genres, Classics, Historical Fiction, Childrens, Fiction, Young Adult, Historical, Middle Grade","Little House, #1-9",2700,Paperback
151,152,Lonesome Dove,Larry McMurtry,4.55,211846,9780671683900,067168390X,"Genres, Fiction, Historical Fiction, Westerns, Classics, Historical, Adventure, Audiobook","Lonesome Dove, #1",960,Mass Market Paperback
152,153,Catching Fire,Suzanne Collins,4.34,3856108,9780439023498,0439023491,"Genres, Young Adult, Fiction, Fantasy, Science Fiction, Romance, Audiobook, Teen","The Hunger Games, #2",391,Hardcover
153,154,Peter Pan,J.M. Barrie,4.04,361614,9780805072457,0805072454,"Genres, Fantasy, Fiction, Childrens, Classics, Adventure, Audiobook, Young Adult",,155,Hardcover
154,155,The Song of Achilles,Madeline Miller,4.31,1765650,Not found,Not found,"Genres, Fantasy, Historical Fiction, Romance, Fiction, Mythology, LGBT, Queer",,408,Paperback
155,156,The Titan’s Curse,Rick Riordan,4.37,1151343,Not found,B00Z857ISO,"Genres, Fantasy, Young Adult, Mythology, Fiction, Middle Grade, Adventure, Greek Mythology","Percy Jackson and the Olympians, #3",352,Kindle Edition
156,157,The Battle of the Labyrinth,Rick Riordan,4.42,1164473,9781423101468,1423101464,"Genres, Fantasy, Young Adult, Mythology, Fiction, Middle Grade, Adventure, Greek Mythology","Percy Jackson and the Olympians, #4",361,Hardcover
157,158,Love in the Time of Cholera,Gabriel García Márquez,3.94,527673,9781400034680,140003468X,"Genres, Fiction, Historical Fiction, Magical Realism, Literature, Novels, Spanish Literature, Literary Fiction",,348,Paperback
158,159,Gone Girl,Gillian Flynn,4.14,3296196,9780307588371,0307588378,"Genres, Fiction, Mystery, Thriller, Mystery Thriller, Crime, Suspense, Contemporary",,415,Paperback
159,160,The Addiction Manifesto,Jerry Weaver,4.76,1238,9781638377634,1638377634,"Genres, Nonfiction, Self Help, Memoir, Psychology, Mental Health, Biography",,178,Paperback
160,161,Insurgent,Veronica Roth,3.97,1573354,9780007442911,0007442912,"Genres, Young Adult, Dystopia, Fantasy, Fiction, Science Fiction, Romance, Adventure","Divergent, #2",525,Hardcover
161,162,A Walk to Remember,Nicholas Sparks,4.2,831130,Not found,B0DLT52X7S,"Genres, Romance, Fiction, Contemporary, Young Adult, Chick Lit, Contemporary Romance, Drama",,215,Kindle Edition
162,163,The Secret History,Donna Tartt,4.16,900547,9781400031702,1400031702,"Genres, Fiction, Mystery, Classics, Contemporary, Thriller, Literary Fiction, Mystery Thriller",,559,Paperback
163,164,The Sea of Monsters,Rick Riordan,4.24,1285126,9780786856862,0786856866,"Genres, Fantasy, Young Adult, Mythology, Fiction, Middle Grade, Adventure, Greek Mythology","Percy Jackson and the Olympians, #2",279,Hardcover
164,165,Clockwork Princess,Cassandra Clare,4.55,464113,9781406321340,1406321346,"Genres, Fantasy, Young Adult, Romance, Paranormal, Historical Fiction, Steampunk, Urban Fantasy","The Infernal Devices, #3",567,Paperback
165,166,The Thorn Birds,Colleen McCullough,4.25,358164,Not found,B0DLSX3M6M,"Genres, Fiction, Historical Fiction, Romance, Classics, Historical, Historical Romance, Drama",,692,Mass Market Paperback
166,167,How the Grinch Stole Christmas!,Dr. Seuss,4.38,433741,9780007173044,0007173040,"Genres, Childrens, Picture Books, Christmas, Classics, Fiction, Poetry, Fantasy",,64,Hardcover
167,168,The Ultimate Hitchhiker’s Guide to the Galaxy,Douglas Adams,4.38,332116,9780345453747,B00A2LZDTA,"Genres, Science Fiction, Fiction, Humor, Fantasy, Classics, Comedy, Science Fiction Fantasy","Hitchhiker's Guide to the Galaxy, #1-5",815,Paperback
168,169,Throne of Glass,Sarah J. Maas,4.18,2022046,Not found,Not found,"Genres, Young Adult, Romance, Fiction, Magic, Romantasy, Young Adult Fantasy, Audiobook","Throne of Glass, #1",406,Hardcover
169,170,Shadow Kiss,Richelle Mead,4.33,375441,9781595141972,1595141979,"Genres, Young Adult, Fantasy, Vampires, Paranormal, Romance, Urban Fantasy, Paranormal Romance","Vampire Academy, #3",443,Paperback
170,171,The Compleat Works of Wllm Shkspr,Reduced Shakespeare Company,4.43,9670,9781557831576,B002K27PVS,"Genres, Plays, Classics, Humor, Drama, Fiction, Theatre, Comedy",,137,Kindle Edition
171,172,The Elephant Tree,R.D. Ronald,3.78,31314,9781848764569,1848764561,"Genres, Thriller, Mystery, Fiction, Crime, Drama, Contemporary, Novels",,252,Paperback
172,173,The Maze Runner,James Dashner,4.05,1611433,9780385737944,0385737947,"Genres, Young Adult, Dystopia, Science Fiction, Fiction, Fantasy, Audiobook, Post Apocalyptic","The Maze Runner, #1",384,Hardcover
173,174,Their Eyes Were Watching God,Zora Neale Hurston,3.99,368978,9780061120060,0061120065,"Genres, Classics, Fiction, Historical Fiction, School, Literature, African American, Feminism",,238,Paperback
174,175,The Importance of Being Earnest,Oscar Wilde,4.17,391057,9781580495806,158049580X,"Genres, Classics, Plays, Fiction, Drama, Humor, School, Literature",,89,Paperback
175,176,Atonement,Ian McEwan,3.95,542752,9780385721790,B00A2M6OLU,"Genres, Fiction, Historical Fiction, Classics, Romance, Historical, War, Literary Fiction",,351,Paperback
176,177,The Wonderful Wizard of Oz,L. Frank Baum,,489596,9780140621679,0140621679,"Genres, Classics, Fantasy, Fiction, Childrens, Young Adult, Adventure, Audiobook","Oz, #1",154,Paperback
177,178,The Three Musketeers,Alexandre Dumas,4.1,336442,Not found,Not found,"Genres, Fiction, Historical Fiction, Classics, Adventure, France, Literature, Historical",,625,Paperback
178,179,A Court of Mist and Fury,Sarah J. Maas,4.64,2742739,Not found,B0DT172F4H,"Genres, Fantasy, Romance, Romantasy, Young Adult, Fiction, New Adult, Fae","A Court of Thorns and Roses, #2",626,Kindle Edition
179,180,"Eat, Pray, Love",Elizabeth Gilbert,3.64,1802879,9780143038412,0143038419,"Genres, Nonfiction, Memoir, Travel, Biography, Romance, Chick Lit, Spirituality",,368,Paperback
180,181,The Lorax,Dr. Seuss,4.35,358821,9780679889106,0679889108,"Genres, Childrens, Picture Books, Fiction, Classics, Poetry, Fantasy, Environment",,72,Hardcover
181,182,Goodnight Moon,Margaret Wise Brown,4.32,385904,9780060775858,0060775858,"Genres, Childrens, Picture Books, Fiction, Classics, Poetry, Kids, Animals",,32,Hardcover
182,183,The Hunger Games Trilogy Boxset,Suzanne Collins,4.49,228722,9780545265355,0545265355,"Genres, Young Adult, Fiction, Fantasy, Dystopia, Science Fiction, Romance, Adventure","The Hunger Games, #1-3",1155,Hardcover
183,184,A Midsummer Night’s Dream,William Shakespeare,3.94,560793,9780743477543,0743477545,"Genres, Plays, Fiction, Fantasy, School, Romance, Poetry, Literature",,298,Mass Market Paperback
184,185,Frostbite,Richelle Mead,4.25,365830,Not found,Not found,"Genres, Young Adult, Fantasy, Vampires, Paranormal, Romance, Urban Fantasy, Paranormal Romance","Vampire Academy, #2",327,Paperback
185,186,Bridge to Terabithia,Katherine Paterson,4.06,571489,Not found,B001UFP6JY,"Genres, Fiction, Young Adult, Classics, Fantasy, Childrens, Middle Grade, Realistic Fiction",,190,Kindle Edition
186,187,Murder on the Orient Express,Agatha Christie,4.2,682387,9780007119318,B006VWJ2XC,"Genres, Mystery, Classics, Fiction, Crime, Mystery Thriller, Audiobook, Thriller","Hercule Poirot, #10",274,Paperback
187,188,The Zombie Room,R.D. Ronald,3.82,32064,Not found,B01E4L4VEG,"Genres, Thriller, Mystery, Fiction, Crime, Drama, Suspense, Novels",,218,Kindle Edition
188,189,Heart of Darkness,Joseph Conrad,3.43,536927,9781892295491,1892295490,"Genres, Fiction, Classics, Literature, Historical Fiction, Africa, School, Novels",,188,Paperback
189,190,Tess of the D’Urbervilles,Thomas Hardy,3.84,294177,Not found,B0DSZV77VN,"Genres, Classics, Fiction, Literature, Historical Fiction, 19th Century, Victorian, Novels",,518,Paperback
190,191,The Selection,Kiera Cass,4.07,1678338,9780062059932,B00BG7DY04,"Genres, Romance, Young Adult, Dystopia, Fantasy, Fiction, Audiobook, Science Fiction","The Selection, #1",336,Hardcover
191,192,The Diary of a Young Girl,Anne Frank,4.2,3989763,Not found,B007Z332A0,"Genres, Nonfiction, Biography, Memoir, Classics, Historical, Holocaust, Autobiography",,283,Mass Market Paperback
192,193,The Night Circus,Erin Morgenstern,4.01,1046317,9780385534635,0385534639,"Genres, Fantasy, Fiction, Romance, Historical Fiction, Magic, Young Adult, Audiobook",,506,Hardcover
193,194,The Prophet,Kahlil Gibran,4.23,315757,9780001000391,000100039X,"Genres, Poetry, Classics, Philosophy, Fiction, Spirituality, Religion, Literature",,127,Paperback
194,195,Blood Promise,Richelle Mead,4.3,321864,9781595141989,B0057DB4HI,"Genres, Young Adult, Fantasy, Vampires, Paranormal, Romance, Urban Fantasy, Paranormal Romance","Vampire Academy, #4",503,Hardcover
195,196,The Seven Husbands of Evelyn Hugo,Taylor Jenkins Reid,4.4,3642100,9781501139239,1501139231,"Genres, Fiction, Historical Fiction, LGBT, Contemporary, Audiobook, Queer, Historical",,389,Hardcover
196,197,The Call of the Wild,Jack London,3.91,453405,Not found,0439227143,"Genres, Fiction, Adventure, Young Adult, Animals, Historical Fiction, Literature, Audiobook",,172,Mass Market Paperback
197,198,The Good Earth,Pearl S. Buck,4.01,255541,9781416500186,1416500189,"Genres, Fiction, Historical Fiction, China, Classics, Literature, Historical, Asia","House of Earth, #1",418,Mass Market Paperback
198,199,Alice in Wonderland,Jane Carruth,4.03,394489,9780517223628,0517223627,"Genres, Classics, Fantasy, Fiction, Childrens, Young Adult, Adventure, Literature",,96,Hardcover
199,200,The Joy Luck Club,Amy Tan,3.97,696849,Not found,B001GCVFHI,"Genres, Fiction, Historical Fiction, Classics, China, Contemporary, Historical, School",,288,Paperback
200,201,The Phantom Tollbooth,Norton Juster,4.2,297926,9780394820378,0394820371,"Genres, Fantasy, Fiction, Classics, Childrens, Young Adult, Middle Grade, Adventure",,248,Paperback
201,202,"Oh, the Places You’ll Go!",Dr. Seuss,4.37,427322,9780679805274,0679805273,"Genres, Childrens, Picture Books, Fiction, Classics, Poetry, Fantasy, Young Adult",,44,Hardcover
202,203,The Neverending Story,Michael Ende,4.18,212318,9780525457589,0525457585,"Genres, Fantasy, Fiction, Young Adult, Childrens, Adventure, Classics, German Literature",,396,Hardcover
203,204,Madame Bovary,Gustave Flaubert,3.71,355150,9780192840394,0192840398,"Genres, Fiction, Classics, France, Literature, French Literature, Romance, 19th Century",,329,Paperback
204,205,The Mists of Avalon,Marion Zimmer Bradley,4.13,209919,Not found,B000FC1JCQ,"Genres, Fantasy, Fiction, Historical Fiction, Arthurian, Mythology, Classics, Historical","Avalon, #1",1009,Kindle Edition
205,206,Oliver Twist,Charles Dickens,3.88,414145,Not found,Not found,"Genres, Fiction, Classics, Historical Fiction, Literature, Novels, 19th Century, Classic Literature",,608,Paperback
206,207,Treasure Island,Robert Louis Stevenson,3.85,518596,9780753453803,0753453800,"Genres, Fiction, Adventure, Historical Fiction, Young Adult, Childrens, Pirates, Fantasy",,352,Hardcover
207,208,Jonathan Livingston Seagull,Richard Bach,3.86,263538,9780743278904,0743278909,"Genres, Fiction, Classics, Philosophy, Fantasy, Spirituality, Inspirational, Self Help",,112,Paperback
208,209,A Storm of Swords,George R.R. Martin,4.55,820726,9780553573428,055357342X,"Genres, Fantasy, Fiction, Epic Fantasy, High Fantasy, Science Fiction Fantasy, Audiobook, Dragons","A Song of Ice and Fire, #3",1177,Mass Market Paperback
209,210,Ulysses,James Joyce,3.77,136470,Not found,Not found,"Genres, Fiction, Literature, Classics, Ireland, Novels, Irish Literature, 20th Century",,783,Paperback
210,211,The Boy in the Striped Pajamas,John Boyne,4.16,904071,9780385751070,0385751079,"Genres, Historical Fiction, Fiction, Young Adult, Historical, Holocaust, War, World War II",,224,Hardcover
211,212,Fifty Shades of Grey,E.L. James,3.67,2771866,9781612130293,1612130291,"Genres, Fiction, BDSM, Contemporary, Contemporary Romance, Chick Lit, Erotica, Erotic Romance","Fifty Shades, #1",356,Paperback
212,213,Jurassic Park,Michael Crichton,4.12,1009630,9780307763051,B007UH4D3G,"Genres, Science Fiction, Fiction, Thriller, Horror, Fantasy, Adventure, Classics","Jurassic Park, #1",450,Kindle Edition
213,214,Beloved,Toni Morrison,3.97,465173,9781400033416,1400033411,"Genres, Fiction, Classics, Historical Fiction, Magical Realism, Historical, Literature, School","Beloved Trilogy, #1",325,Paperback
214,215,The Clan of the Cave Bear,Jean M. Auel,4.1,275887,Not found,B00466HQ2Y,"Genres, Historical Fiction, Fiction, Fantasy, Historical, Classics, Adventure, Prehistoric","Earth's Children, #1",516,Kindle Edition
215,216,The Lost Hero,Rick Riordan,4.3,903355,9781423113393,142311339X,"Genres, Fantasy, Mythology, Young Adult, Fiction, Middle Grade, Adventure, Greek Mythology","The Heroes of Olympus, #1",576,Hardcover
216,217,A Farewell to Arms,Ernest Hemingway,3.82,338322,9780099910107,0099910101,"Genres, Fiction, Historical Fiction, Classics, War, Literature, Novels, Romance",,293,Paperback
217,218,David Copperfield,Charles Dickens,4.04,249664,Not found,Not found,"Genres, Fiction, Literature, Historical Fiction, Audiobook, 19th Century, Novels, Victorian",,882,Paperback
218,219,The Canterbury Tales,Geoffrey Chaucer,3.52,232505,9780140424386,0140424385,"Genres, Fiction, Poetry, Classics, Literature, School, Short Stories, Historical Fiction",,504,Paperback
219,220,A Little Princess,Frances Hodgson Burnett,4.23,317539,9780142437018,0142437018,"Genres, Fiction, Childrens, Classics, Young Adult, Historical Fiction, Middle Grade, Historical",,242,Paperback
220,221,The World According to Garp,John Irving,4.11,234149,9780345915597,0345915593,"Genres, Fiction, Classics, Literature, Contemporary, Novels, Literary Fiction, Humor",,610,Hardcover
221,222,Thirteen Reasons Why,Jay Asher,3.84,1004672,9781595147882,1595147888,"Genres, Young Adult, Fiction, Contemporary, Realistic Fiction, Mystery, Mental Health, Teen",,352,Hardcover
222,223,Cinder,Marissa Meyer,4.13,976889,Not found,B007BDS5G0,"Genres, Fantasy, Young Adult, Science Fiction, Romance, Retellings, Fiction, Dystopia","The Lunar Chronicles, #1",400,Hardcover
223,224,His Dark Materials,Philip Pullman,4.29,165493,9780440238607,0440238609,"Genres, Fantasy, Fiction, Young Adult, Childrens, Science Fiction Fantasy, Science Fiction, Classics",His Dark Materials #1-3,1088,Mass Market Paperback
224,225,Wicked: The Life and Times of the Wicked Witch of the West,Gregory Maguire,3.52,653212,9780060987107,B007CGOP4C,"Genres, Fantasy, Fiction, Retellings, Audiobook, Witches, Classics, Magic","The Wicked Years, #1",406,Paperback
225,226,Clockwork Prince,Cassandra Clare,4.42,571963,9781416975885,1416975888,"Genres, Fantasy, Young Adult, Romance, Paranormal, Steampunk, Historical Fiction, Urban Fantasy","The Infernal Devices, #2",498,Hardcover
226,227,Shōgun,James Clavell,4.41,200652,9781982603847,1982603844,"Genres, Historical Fiction, Fiction, Japan, Historical, Adventure, Audiobook, Literature","Asian Saga, #1",1152,Paperback
227,228,Schindler’s List,Thomas Keneally,4.34,163219,9780340606513,0340606517,"Genres, History, Nonfiction, Holocaust, War, Historical, World War II, Biography",,429,Mass Market Paperback
228,229,The Velveteen Rabbit,Margery Williams Bianco,4.31,266391,9780380002559,0380002558,"Genres, Classics, Childrens, Fiction, Picture Books, Fantasy, Animals, Young Adult",,40,Paperback
229,230,The Iliad / The Odyssey,Homer,4.07,80831,9780147712554,0147712556,"Genres, Fiction, Poetry, Mythology, Classics, Fantasy, Literature, Historical Fiction",,1556,Paperback
230,231,The Silmarillion,J.R.R. Tolkien,4.02,317688,9780618391110,0618391118,"Genres, Fantasy, Fiction, High Fantasy, Science Fiction Fantasy, Epic Fantasy, Classics, Mythology",,386,Hardcover
231,232,The Trial,Franz Kafka,3.95,363841,Not found,Not found,"Genres, Fiction, Philosophy, Literature, German Literature, Novels, Dystopia, 20th Century",,255,Paperback
232,233,Howl’s Moving Castle,Diana Wynne Jones,4.29,410460,9780064410342,006441034X,"Genres, Fantasy, Young Adult, Fiction, Middle Grade, Magic, Classics, Audiobook","Howl’s Moving Castle, #1",329,Mass Market Paperback
233,234,Extremely Loud & Incredibly Close,Jonathan Safran Foer,3.97,429107,9780618711659,0618711651,"Genres, Fiction, Historical Fiction, Contemporary, Novels, Literary Fiction, Adult Fiction, Literature",,326,Paperback
234,235,The Other Boleyn Girl,Philippa Gregory,4.09,506101,Not found,B0DSZNGJK8,"Genres, Historical Fiction, Fiction, Historical, Romance, British Literature, Historical Romance, Tudor Period","The Plantagenet and Tudor Novels, #9",661,Paperback
235,236,The Silence of the Lambs,Thomas Harris,4.25,571529,Not found,Not found,"Genres, Horror, Fiction, Thriller, Mystery, Crime, Classics, Mystery Thriller","Hannibal Lecter, #2",421,Paperback
236,237,Man’s Search for Meaning,Viktor E. Frankl,4.38,802171,9780807014295,080701429X,"Genres, Nonfiction, Psychology, Philosophy, Self Help, Memoir, Biography, Audiobook",,165,Paperback
237,238,Fallen,Lauren Kate,3.72,605542,9780385738934,0385738935,"Genres, Fantasy, Young Adult, Romance, Paranormal, Angels, Paranormal Romance, Fiction","Fallen, #1",464,Hardcover
238,239,The Sun Also Rises,Ernest Hemingway,3.79,471039,Not found,B005PYJ9S0,"Genres, Classics, Fiction, Literature, Novels, Historical Fiction, American, Spain",,189,Paperback
239,240,Last Sacrifice,Richelle Mead,4.37,295187,9781595143068,1595143068,"Genres, Young Adult, Fantasy, Vampires, Paranormal, Romance, Urban Fantasy, Paranormal Romance","Vampire Academy, #6",594,Hardcover
240,241,Mockingjay,Suzanne Collins,4.1,3460472,9780439023511,0439023513,"Genres, Young Adult, Dystopia, Fiction, Fantasy, Science Fiction, Romance, Adventure","The Hunger Games, #3",390,Hardcover
241,242,A Confederacy of Dunces,John Kennedy Toole,3.89,287622,9780802130204,0802130208,"Genres, Fiction, Humor, Literature, Comedy, Novels, Classics, American",,394,Paperback
242,243,The Green Mile,Stephen King,4.48,343180,9780451933027,0451933028,"Genres, Horror, Fiction, Fantasy, Thriller, Mystery, Classics, Crime",,592,Paperback
243,244,The Secret Magdalene,Ki Longfellow,4.15,4684,9780307346667,0307346668,"Genres, Historical Fiction, Fiction, Religion, Historical, Spirituality, Literature, Novels",,448,Hardcover
244,245,The Crucible,Arthur Miller,3.61,443066,9780142437339,0142437336,"Genres, Classics, Plays, Fiction, Historical Fiction, School, Read For School, Historical",,143,Paperback
245,246,Cat’s Cradle,Kurt Vonnegut Jr.,4.15,421883,Not found,Not found,"Genres, Fiction, Classics, Science Fiction, Humor, Literature, Novels, Dystopia",,306,Paperback
246,247,The Screwtape Letters,C.S. Lewis,4.27,486022,Not found,B002BD2V2Y,"Genres, Fiction, Christian, Classics, Religion, Christianity, Fantasy, Theology",,222,Kindle Edition
247,248,The Girl on the Train,Paula Hawkins,3.96,3143307,9781594633669,1594633665,"Genres, Fiction, Mystery, Thriller, Mystery Thriller, Crime, Suspense, Audiobook",,336,Hardcover
248,249,The Wind in the Willows,Kenneth Grahame,4.02,231171,9780143039099,0143039091,"Genres, Fiction, Childrens, Fantasy, Classics, Animals, Young Adult, Middle Grade",,197,Paperback
249,250,A Light in the Attic,Shel Silverstein,4.36,465661,9780060513061,0060513063,"Genres, Poetry, Childrens, Classics, Fiction, Humor, Young Adult, Picture Books",,176,Hardcover
250,251,Spirit Bound,Richelle Mead,4.32,302768,9781595142504,1595142509,"Genres, Young Adult, Fantasy, Vampires, Paranormal, Romance, Urban Fantasy, Paranormal Romance","Vampire Academy, #5",489,Hardcover
251,252,Misery,Stephen King,4.23,796049,9780450417399,0450417395,"Genres, Horror, Fiction, Thriller, Mystery, Suspense, Mystery Thriller, Audiobook",,370,Paperback
252,253,The Lord of the Rings,J.R.R. Tolkien,4.54,706363,9780618640157,0618640150,"Genres, Fantasy, Classics, Fiction, Adventure, Science Fiction Fantasy, High Fantasy, Epic Fantasy",,1216,Paperback
253,254,City of Fallen Angels,Cassandra Clare,4.07,624710,9781442403543,1442403543,"Genres, Fantasy, Young Adult, Romance, Paranormal, Urban Fantasy, Vampires, Fiction","The Mortal Instruments, #4",425,Hardcover
254,255,The Hiding Place: The Triumphant True Story of Corrie Ten Boom,Corrie ten Boom,4.47,342460,9780553256697,0553256696,"Genres, Nonfiction, Biography, History, Christian, Memoir, Classics, Holocaust",,242,Mass Market Paperback
255,256,Blindness,José Saramago,4.18,315664,Not found,B003T0GBOM,"Genres, Fiction, Dystopia, Classics, Science Fiction, Novels, Literature, Portugal",,349,Kindle Edition
256,257,Crooked Kingdom,Leigh Bardugo,4.58,714700,Not found,B0117K9N3Q,"Genres, Fantasy, Young Adult, Fiction, Romance, Young Adult Fantasy, LGBT, Magic","Six of Crows, #2",561,Kindle Edition
257,258,The God of Small Things,Arundhati Roy,3.96,312357,9780679457312,B006E58GFG,"Genres, Fiction, India, Historical Fiction, Classics, Literary Fiction, Contemporary, Indian Literature",,321,Paperback
258,259,The Phantom of the Opera,Gaston Leroux,3.96,262450,9780060809249,0060809248,"Genres, Fiction, Horror, Romance, Gothic, Classics, Mystery, Historical Fiction",,360,Mass Market Paperback
259,260,A Clash of Kings,George R.R. Martin,4.42,985378,9780553381696,0553381695,"Genres, Fantasy, Fiction, Epic Fantasy, High Fantasy, Science Fiction Fantasy, Audiobook, Dragons","A Song of Ice and Fire, #2",1009,Paperback
260,261,The Chain Between Worlds,Johnathon Nicolaou,4.47,1196,Not found,B0DVBPKYHY,"Genres, Fantasy, Young Adult, Urban Fantasy, Fiction, Young Adult Fantasy, Science Fiction, Novels",The Lost Artefacts #1,335,ebook
261,262,Ella Enchanted,Gail Carson Levine,4.01,419217,9780590920681,0590920685,"Genres, Fantasy, Young Adult, Fiction, Middle Grade, Romance, Childrens, Fairy Tales","Ella Enchanted, #1",240,Paperback
262,263,Girl with a Pearl Earring,Tracy Chevalier,3.93,759723,9780452287020,0452287022,"Genres, Historical Fiction, Fiction, Classics, Historical, Art, Romance, Adult Fiction",,233,Paperback
263,264,The Fellowship of the Ring,J.R.R. Tolkien,4.4,2982506,9780618346257,0618346252,"Genres, Fantasy, Classics, Fiction, Adventure, Audiobook, High Fantasy, Science Fiction Fantasy","The Lord of the Rings, #1",398,Paperback
264,265,The House of the Spirits,Isabel Allende,4.29,294377,9780553383805,0553383809,"Genres, Fiction, Magical Realism, Historical Fiction, Fantasy, Spanish Literature, Historical, Novels",,448,Paperback
265,266,Dark Places,Gillian Flynn,3.95,799498,9780307341563,0307341569,"Genres, Mystery, Fiction, Thriller, Mystery Thriller, Crime, Suspense, Audiobook",,424,Hardcover
266,267,Uglies,Scott Westerfeld,3.85,694875,9780689865381,0689865384,"Genres, Young Adult, Dystopia, Science Fiction, Fiction, Fantasy, Romance, Teen","Uglies, #1",425,Paperback
267,268,The Wind-Up Bird Chronicle,Haruki Murakami,4.14,300958,9780965341981,0965341984,"Genres, Fiction, Magical Realism, Fantasy, Japanese Literature, Novels, Literature, Literary Fiction",,607,Paperback
268,269,Marley and Me: Life and Love With the World’s Worst Dog,John Grogan,4.14,474310,9780739461198,B0058M5XF2,"Genres, Nonfiction, Animals, Memoir, Biography, Dogs, Humor, Biography Memoir",,291,Hardcover
269,270,The Way of Kings,Brandon Sanderson,4.67,592324,9780765326355,0765326353,"Genres, Fantasy, Fiction, Epic Fantasy, High Fantasy, Audiobook, Science Fiction Fantasy, Magic","The Stormlight Archive, #1",1007,Hardcover
270,271,Mystic River,Dennis Lehane,4.17,153601,9780060584757,0060584750,"Genres, Mystery, Fiction, Thriller, Crime, Mystery Thriller, Suspense, Drama",,416,Paperback
271,272,The Guernsey Literary and Potato Peel Pie Society,Mary Ann Shaffer,4.19,783919,9781984801814,1984801813,"Genres, Historical Fiction, Fiction, Romance, Historical, World War II, Audiobook, Book Club",,291,Paperback
272,273,Norwegian Wood,Haruki Murakami,,673134,9780375704024,0375704027,"Genres, Fiction, Romance, Japan, Japanese Literature, Classics, Novels, Literary Fiction",,296,Paperback
273,274,Red Dragon,Thomas Harris,4.07,354544,Not found,Not found,"Genres, Horror, Fiction, Thriller, Crime, Mystery, Mystery Thriller, Suspense","Hannibal Lecter, #1",454,Hardcover
274,275,She’s Come Undone,Wally Lamb,3.91,354120,9780671021009,B000MZ077O,"Genres, Fiction, Contemporary, Chick Lit, Coming Of Age, Adult Fiction, Novels, Literary Fiction",,465,Mass Market Paperback
275,276,Paper Towns,John Green,3.7,1444674,9780142414934,B003F76HBG,"Genres, Young Adult, Fiction, Contemporary, Romance, Mystery, Realistic Fiction, Coming Of Age",,305,Paperback
276,277,Shutter Island,Dennis Lehane,4.13,208775,9780380731862,038073186X,"Genres, Mystery, Fiction, Thriller, Horror, Mystery Thriller, Crime, Suspense",,369,Mass Market Paperback
277,278,Shiver,Maggie Stiefvater,3.76,490693,9780545123266,0545123267,"Genres, Young Adult, Fantasy, Romance, Paranormal, Werewolves, Fiction, Paranormal Romance","The Wolves of Mercy Falls, #1",392,Hardcover
278,279,Speak,Laurie Halse Anderson,4.05,615607,9780374311254,0374311250,"Genres, Young Adult, Fiction, Contemporary, Realistic Fiction, Mental Health, Coming Of Age, Teen",,224,Hardcover
279,280,Marked,P.C. Cast,3.82,513354,9780312360269,0312360266,"Genres, Young Adult, Fantasy, Vampires, Paranormal, Romance, Fiction, Supernatural","House of Night, #1",306,Paperback
280,281,Fear and Loathing in Las Vegas: A Savage Journey to the Heart of the American Dream,Hunter S. Thompson,4.07,364904,9780679785897,B01BITNA5S,"Genres, Fiction, Classics, Humor, Journalism, Novels, Literature, American",,204,Paperback
281,282,The Shack: Where Tragedy Confronts Eternity,William Paul Young,3.83,675572,Not found,B001B8Z2S0,"Genres, Fiction, Christian, Christian Fiction, Spirituality, Faith, Religion, Inspirational",,294,Kindle Edition
282,283,The Sound and the Fury,William Faulkner,3.86,189370,Not found,Not found,"Genres, Fiction, Literature, Classics, Novels, American, Southern Gothic, 20th Century",,366,Paperback
283,284,1984,George Orwell,4.2,5063858,9780452284234,B00A2MTYAI,"Genres, Classics, Fiction, Science Fiction, Dystopia, Literature, Politics, Novels",,368,Paperback
284,285,The Complete Calvin and Hobbes,Bill Watterson,4.81,41387,9780740748479,0740748475,"Genres, Humor, Graphic Novels, Fiction, Comics, Classics, Comedy, Graphic Novels Comics",,1456,Hardcover
285,286,For Whom the Bell Tolls,Ernest Hemingway,3.98,306684,Not found,Not found,"Genres, Classics, Historical Fiction, Literature, War, Novels, American, Spain",,471,Paperback
286,287,Kafka on the Shore,Haruki Murakami,4.12,513540,9781400079278,1400079276,"Genres, Fiction, Magical Realism, Fantasy, Japanese Literature, Novels, Literature, Classics",,467,Paperback
287,288,Before I Go to Sleep,S.J. Watson,3.9,353063,9780062060556,0062060554,"Genres, Thriller, Fiction, Mystery, Mystery Thriller, Suspense, Crime, Contemporary",,359,Hardcover
288,289,The Complete Sherlock Holmes,Arthur Conan Doyle,4.5,212636,Not found,0553328255,"Genres, Classics, Mystery, Fiction, Crime, Short Stories, Audiobook, Detective",,1796,Paperback
289,290,Island of the Blue Dolphins,Scott O'Dell,3.87,342454,9780547488899,B0038AUY8M,"Genres, Fiction, Young Adult, Historical Fiction, Childrens, Middle Grade, Adventure, School",,194,Kindle Edition
290,291,The Idiot,Fyodor Dostoevsky,4.21,201179,9780679642428,0679642420,"Genres, Fiction, Russia, Russian Literature, Classics, Literature, Philosophy, Novels",,667,Paperback
291,292,Inkheart,Cornelia Funke,3.92,435268,Not found,Not found,"Genres, Fantasy, Young Adult, Fiction, Middle Grade, Childrens, Adventure, Magic","Inkworld, #1",563,Paperback
292,293,Roots: The Saga of an American Family,Alex Haley,4.44,162157,9780440174646,0440174643,"Genres, Historical Fiction, Fiction, Classics, Historical, African American, Africa, Race",,729,Mass Market Paperback
293,294,Big Little Lies,Liane Moriarty,4.31,1067780,9780399587191,0399587195,"Genres, Fiction, Mystery, Contemporary, Thriller, Chick Lit, Audiobook, Mystery Thriller",,460,Paperback
294,295,Stranger in a Strange Land,Robert A. Heinlein,3.92,320669,Not found,Not found,"Genres, Science Fiction, Fiction, Classics, Science Fiction Fantasy, Fantasy, Audiobook, Novels",,525,Paperback
295,296,Othello,William Shakespeare,3.89,419884,Not found,B006U1QW78,"Genres, Classics, Plays, Fiction, School, Literature, Theatre, Read For School",,319,Mass Market Paperback
296,297,Into the Wild,Jon Krakauer,4.02,1147094,9780385486804,0385486804,"Genres, Nonfiction, Biography, Adventure, Classics, Memoir, Nature, School",,207,Paperback
297,298,Never Lie,Freida McFadden,4.09,1076541,Not found,B0BBL2ZW73,"Genres, Thriller, Mystery, Audiobook, Mystery Thriller, Fiction, Suspense, Psychological Thriller",,286,Kindle Edition
298,299,The Woman in the Window,A.J. Finn,3.95,843520,Not found,B06Y55Z36S,"Genres, Thriller, Mystery, Fiction, Mystery Thriller, Suspense, Audiobook, Crime",,455,Kindle Edition
299,300,None of This Is True,Lisa Jewell,4.1,855546,9781982179007,1982179007,"Genres, Thriller, Mystery, Audiobook, Fiction, Mystery Thriller, Suspense, Crime",,390,Hardcover
300,301,Neverwhere,Neil Gaiman,4.17,550478,9780060557812,0060557818,"Genres, Fantasy, Fiction, Urban Fantasy, Audiobook, Science Fiction Fantasy, Horror, Science Fiction","London Below, #1",370,Paperback
301,302,Shatter Me,Tahereh Mafi,3.84,1081735,9780062085481,0062085484,"Genres, Dystopia, Young Adult, Fiction, Science Fiction, Paranormal, Enemies To Lovers, Audiobook","Shatter Me, #1",338,Hardcover
302,303,The Girl Who Kicked the Hornet’s Nest,Stieg Larsson,4.24,758259,9780307269997,B007NB94GA,"Genres, Fiction, Mystery, Thriller, Crime, Mystery Thriller, Suspense, Audiobook","Millennium, #3",566,Hardcover
303,304,The Vampire Lestat,Anne Rice,4.1,210002,9780345476883,0345476883,"Genres, Horror, Fantasy, Vampires, Fiction, Paranormal, Supernatural, Gothic","The Vampire Chronicles, #2",481,Mass Market Paperback
304,305,The Things They Carried,Tim O'Brien,4.14,331377,9780767902892,0767902890,"Genres, Fiction, Historical Fiction, Classics, War, Short Stories, School, Historical",,246,Paperback
305,306,Wonder,R.J. Palacio,4.36,1150542,9780375869020,0375869026,"Genres, Fiction, Young Adult, Middle Grade, Contemporary, Realistic Fiction, Childrens, School","Wonder, #1",315,Hardcover
306,307,King Lear,William Shakespeare,3.91,228995,Not found,Not found,"Genres, Plays, Fiction, Classics, School, Theatre, Literature, Poetry",,339,Mass Market Paperback
307,308,The Paris Apartment,Lucy Foley,3.65,640192,9780063003057,0063003058,"Genres, Mystery, Thriller, Fiction, Mystery Thriller, Audiobook, Suspense, Crime",,360,Hardcover
308,309,Never Let Me Go,Kazuo Ishiguro,3.85,780332,9781400078776,1400078776,"Genres, Fiction, Science Fiction, Dystopia, Contemporary, Literary Fiction, Romance, Classics",,288,Paperback
309,310,Delirium,Lauren Oliver,3.95,474362,9780061726835,0061726834,"Genres, Young Adult, Dystopia, Romance, Fantasy, Science Fiction, Fiction, Teen","Delirium, #1",441,Paperback
310,311,White Oleander,Janet Fitch,,360837,9780316182546,0316182540,"Genres, Fiction, Coming Of Age, Contemporary, Literary Fiction, Drama, Adult Fiction, Chick Lit",,446,Mass Market Paperback
311,311,Beautiful Disaster,Jamie McGuire,,700898,Not found,B008JMKN4Y,"Genres, New Adult, Contemporary, Young Adult, Contemporary Romance, College, Fiction, Chick Lit","Beautiful, #1",432,Kindle Edition
312,313,The Cruel Prince,Holly Black,4.02,1531422,9780316310277,0316310271,"Genres, Fantasy, Young Adult, Romance, Enemies To Lovers, Fae, Fiction, Young Adult Fantasy","The Folk of the Air, #1",370,Hardcover
313,314,Foundation,Isaac Asimov,4.17,570846,9780553803716,0553803719,"Genres, Science Fiction, Fiction, Science Fiction Fantasy, Fantasy, Classics, Audiobook, Space Opera","Foundation, #1",244,Hardcover
314,315,Blood River: A Journey to Africa’s Broken Heart,Tim Butcher,3.98,11739,9780099494287,0099494280,"Genres, Travel, Nonfiction, Africa, History, Adventure, Memoir, Biography",,363,Paperback
315,316,Ready Player One,Ernest Cline,4.23,1243586,9780307887436,030788743X,"Genres, Science Fiction, Fiction, Young Adult, Fantasy, Dystopia, Audiobook, Adventure","Ready Player One, #1",480,Hardcover
316,317,Uncle Tom’s Cabin,Harriet Beecher Stowe,3.91,236378,Not found,B0DSZSD52V,"Genres, Classics, Fiction, Historical Fiction, Literature, Historical, Novels, American",,438,Paperback
317,318,Lock Every Door,Riley Sager,3.89,259577,9781524745158,1524745154,"Genres, Thriller, Mystery, Mystery Thriller, Fiction, Horror, Audiobook, Suspense",,381,ebook
318,319,The Family Upstairs,Lisa Jewell,3.96,501774,9781501190100,1501190105,"Genres, Thriller, Mystery, Fiction, Mystery Thriller, Audiobook, Suspense, Crime","The Family Upstairs, #1",340,Hardcover
319,320,You,Caroline Kepnes,3.96,269822,9781501195433,1501195433,"Genres, Thriller, Fiction, Mystery, Mystery Thriller, Contemporary, Audiobook, Horror","You, #1",464,Paperback
320,321,Mistborn: The Final Empire,Brandon Sanderson,4.49,840627,9780765311788,076531178X,"Genres, Fantasy, Fiction, High Fantasy, Audiobook, Epic Fantasy, Magic, Science Fiction Fantasy","Mistborn, #1",541,Hardcover
321,322,Midnight Sun [2008 Draft],Stephenie Meyer,4.01,148880,Not found,B0DTRQKLX9,"Genres, Young Adult, Fantasy, Vampires, Romance, Paranormal, Fiction, Paranormal Romance",,264,ebook
322,323,East of Eden,John Steinbeck,4.42,582278,9780142000656,0142000655,"Genres, Fiction, Classics, Historical Fiction, Literature, Novels, Literary Fiction, American",,601,Paperback
323,324,The Mark of Athena,Rick Riordan,4.47,645818,9781423140603,1423140605,"Genres, Fantasy, Mythology, Young Adult, Fiction, Middle Grade, Adventure, Greek Mythology","The Heroes of Olympus, #3",586,Hardcover
324,325,The Bone Collector,Jeffery Deaver,4.2,186222,9780451188458,0451188454,"Genres, Mystery, Thriller, Fiction, Crime, Mystery Thriller, Suspense, Detective","Lincoln Rhyme, #1",528,Mass Market Paperback
325,326,The Once and Future King,T.H. White,4.07,115373,9780441627400,0441627404,"Genres, Fantasy, Classics, Fiction, Historical Fiction, Arthurian, Mythology, Young Adult",,639,Mass Market Paperback
326,327,The Son of Neptune,Rick Riordan,4.41,637693,9781423140597,1423140591,"Genres, Fantasy, Mythology, Young Adult, Fiction, Middle Grade, Adventure, Greek Mythology","The Heroes of Olympus, #2",521,Hardcover
327,328,Pretty Girls,Karin Slaughter,4.02,570304,9780062430878,0062430874,"Genres, Thriller, Mystery, Fiction, Mystery Thriller, Audiobook, Crime, Suspense",,432,Paperback
328,329,I Know This Much Is True,Wally Lamb,4.21,318361,9780060987565,0060987561,"Genres, Fiction, Contemporary, Literary Fiction, Novels, Mental Health, Adult Fiction, Psychology",,897,Paperback
329,330,James and the Giant Peach,Roald Dahl,4.03,497805,9780375814242,0375814248,"Genres, Childrens, Fantasy, Fiction, Classics, Young Adult, Middle Grade, Adventure",,176,Hardcover
330,331,The Housemaid's Secret,Freida McFadden,4.21,1126096,9781837901319,B0BGXYL3BZ,"Genres, Thriller, Mystery, Fiction, Mystery Thriller, Suspense, Audiobook, Psychological Thriller","The Housemaid, #2",318,Kindle Edition
331,332,A Court of Thorns and Roses,Sarah J. Maas,4.17,3604955,9781619634442,1619634449,"Genres, Fantasy, Young Adult, Fiction, Romantasy, Audiobook, New Adult, Fae","A Court of Thorns and Roses, #1",419,Hardcover
332,333,Candide,Voltaire,3.76,289578,9780486266893,0486266893,"Genres, Fiction, Philosophy, France, Classics, Literature, French Literature, Humor",,129,Paperback
333,334,The Complete Works,William Shakespeare,4.48,57371,9780517053614,0517053616,"Genres, Classics, Poetry, Fiction, Plays, Literature, Drama, Classic Literature",,1229,Leather Bound
334,335,All Creatures Great and Small,James Herriot,4.35,152888,9780312965785,0312965788,"Genres, Nonfiction, Memoir, Animals, Classics, Biography, Audiobook, Biography Memoir","All Creatures Great and Small, #1-2",437,Mass Market Paperback
335,336,Flow Down Like Silver,Ki Longfellow,4.01,4516,9780975925591,0975925598,"Genres, Historical Fiction, Fiction, Egypt, Historical, Philosophy, Literature, Africa",,301,Paperback
336,337,Paradise Lost,John Milton,3.85,174656,9780140424393,0140424393,"Genres, Poetry, Fiction, Classics, Literature, Religion, Fantasy, Philosophy",,453,Paperback
337,338,Invisible Man,Ralph Ellison,3.92,195545,Not found,Not found,"Genres, Fiction, Classics, Literature, Historical Fiction, Race, African American, Novels",,581,Paperback
338,339,The Time Machine,H.G. Wells,3.9,544659,Not found,Not found,"Genres, Science Fiction, Fiction, Classics, Time Travel, Fantasy, Dystopia, Audiobook",,118,Paperback
339,340,The Historian,Elizabeth Kostova,3.8,271686,Not found,B000FCK6EI,"Genres, Fiction, Historical Fiction, Fantasy, Horror, Vampires, Mystery, Historical",,704,Kindle Edition
340,341,Behind Closed Doors,B.A. Paris,3.97,691259,9781250121004,1250121000,"Genres, Thriller, Fiction, Mystery, Mystery Thriller, Suspense, Audiobook, Psychological Thriller",,293,Hardcover
341,342,No Exit,Taylor Adams,3.99,192141,9781912106769,B073BVCHKG,"Genres, Thriller, Mystery Thriller, Mystery, Fiction, Horror, Suspense, Crime",,287,Kindle Edition
342,343,The Woman in Cabin 10,Ruth Ware,3.73,686207,9781501132933,1501132938,"Genres, Mystery, Thriller, Fiction, Mystery Thriller, Suspense, Audiobook, Crime","Lo Blacklock, #1",341,Hardcover
343,344,Heidi,Johanna Spyri,4.04,206411,9780753454947,0753454947,"Genres, Classics, Fiction, Childrens, Historical Fiction, Young Adult, Middle Grade, Historical","Heidi, #1-2",352,Paperback
344,345,The Thirteenth Tale,Diane Setterfield,3.98,320803,9780743298025,0743298020,"Genres, Fiction, Mystery, Historical Fiction, Gothic, Books About Books, Fantasy, Audiobook",,406,Hardcover
345,346,"Lamb: The Gospel According to Biff, Christ’s Childhood Pal",Christopher Moore,4.23,178067,9780380813810,0380813815,"Genres, Fiction, Humor, Historical Fiction, Fantasy, Religion, Comedy, Audiobook",,444,Paperback
346,347,The Wise Man's Fear,Patrick Rothfuss,4.55,592944,9780756404734,0756404738,"Genres, Fantasy, Fiction, Epic Fantasy, High Fantasy, Audiobook, Magic, Science Fiction Fantasy","The Kingkiller Chronicle, #2",994,Hardcover
347,348,Me Before You,Jojo Moyes,4.26,1735810,9780670026609,0670026603,"Genres, Fiction, Contemporary, Chick Lit, Audiobook, Adult Fiction, Contemporary Romance, Drama","Me Before You, #1",369,Hardcover
348,349,The Martian,Andy Weir,4.42,1206926,9780804139021,0804139024,"Genres, Science Fiction, Fiction, Audiobook, Adventure, Space, Thriller, Science Fiction Fantasy",,384,Hardcover
349,350,The Couple Next Door,Shari Lapena,3.8,660799,9780735221086,0735221081,"Genres, Thriller, Mystery, Fiction, Mystery Thriller, Suspense, Audiobook, Crime",,308,Hardcover
350,351,City of Lost Souls,Cassandra Clare,4.21,552842,9781442416864,1442416866,"Genres, Fantasy, Young Adult, Romance, Paranormal, Urban Fantasy, Vampires, Fiction","The Mortal Instruments, #5",535,Hardcover
351,352,All the Light We Cannot See,Anthony Doerr,4.31,1851322,9781476746586,1476746583,"Genres, Historical Fiction, Fiction, Historical, War, World War II, Audiobook, France",,544,Hardcover
352,353,Graceling,Kristin Cashore,4.07,473305,9780152063962,015206396X,"Genres, Fantasy, Young Adult, Romance, Fiction, Young Adult Fantasy, Adventure, Magic","Graceling Realm, #1",471,Hardcover
353,354,A Flicker in the Dark,Stacy Willingham,3.99,517586,9781250803825,1250803829,"Genres, Thriller, Mystery, Mystery Thriller, Fiction, Audiobook, Suspense, Crime",,357,Hardcover
354,355,Leaves of Grass,Walt Whitman,4.12,112920,Not found,Not found,"Genres, Poetry, Classics, Fiction, Literature, American, 19th Century, Philosophy",,624,Paperback
355,356,Home Before Dark,Riley Sager,4.06,256591,9781524745172,1524745170,"Genres, Horror, Thriller, Mystery, Mystery Thriller, Fiction, Audiobook, Suspense",,389,Hardcover
356,357,Different Seasons,Stephen King,4.36,214108,9780751514629,0751514624,"Genres, Horror, Fiction, Short Stories, Thriller, Mystery, Fantasy, Drama",,560,Mass Market Paperback
357,358,"Are You There God? It’s Me, Margaret",Judy Blume,3.94,249096,9780689841583,0689841582,"Genres, Young Adult, Fiction, Childrens, Classics, Middle Grade, Coming Of Age, Realistic Fiction",,149,Hardcover
358,359,Then She Was Gone,Lisa Jewell,4.05,857097,9781501154645,1501154648,"Genres, Thriller, Mystery, Fiction, Mystery Thriller, Audiobook, Suspense, Crime",,359,Paperback
359,360,Final Girls,Riley Sager,3.82,228707,9781101985366,1101985364,"Genres, Thriller, Horror, Mystery, Mystery Thriller, Fiction, Audiobook, Suspense",,352,Hardcover
360,361,The Cider House Rules,John Irving,4.17,190753,9780786226740,0786226749,"Genres, Fiction, Classics, Historical Fiction, Literature, Literary Fiction, Contemporary, Novels",,1064,Hardcover
361,362,The Last Thing He Told Me,Laura Dave,3.83,1066158,9781501171345,1501171348,"Genres, Mystery, Fiction, Thriller, Audiobook, Mystery Thriller, Suspense, Contemporary",,307,Hardcover
362,363,Hamlet,William Shakespeare,4.02,1004103,9780521618748,0521618746,"Genres, Plays, Fiction, School, Literature, Read For School, Poetry, High School",,289,Paperback
363,364,Walden,Henry David Thoreau,3.78,197784,Not found,B0059EFI4U,"Genres, Philosophy, Nonfiction, Nature, Memoir, Literature, Biography, Essays",,352,Paperback
364,365,The Complete Maus,Art Spiegelman,4.58,239087,9780141014081,0141014083,"Genres, Graphic Novels, Comics, Nonfiction, History, Biography, Memoir, Historical",,296,Paperback
365,366,The Only One Left,Riley Sager,4.14,449950,9780593183229,0593183223,"Genres, Thriller, Mystery, Mystery Thriller, Fiction, Horror, Audiobook, Suspense",,383,Hardcover
366,367,Fangirl,Rainbow Rowell,3.94,766286,Not found,B0DWV49FT7,"Genres, Young Adult, Contemporary, Fiction, Realistic Fiction, New Adult, Audiobook, Coming Of Age",,483,ebook
367,368,Mrs. Dalloway,Virginia Woolf,3.79,329731,9780151009985,0151009988,"Genres, Fiction, Classics, Literature, Novels, Feminism, Literary Fiction, British Literature",,194,Hardcover
368,369,Legend,Marie Lu,4.15,549505,Not found,B0DLSYCPSK,"Genres, Dystopia, Young Adult, Fantasy, Science Fiction, Romance, Fiction, Adventure","Legend, #1",305,Hardcover
369,370,Fried Green Tomatoes at the Whistle Stop Cafe,Fannie Flagg,4.28,317386,9780375508417,0375508414,"Genres, Fiction, Historical Fiction, Classics, LGBT, Queer, Historical, Chick Lit",,416,Hardcover
370,371,A Good Girl's Guide to Murder,Holly Jackson,4.3,1516075,9781405293181,1405293187,"Genres, Young Adult, Thriller, Mystery Thriller, Fiction, Crime, Audiobook, Contemporary","A Good Girl's Guide to Murder, #1",433,Paperback
371,372,Sophie’s World,Jostein Gaarder,3.97,271560,9781857993288,1857993284,"Genres, Fiction, Classics, Young Adult, Novels, Fantasy, Literature, Contemporary",,403,Paperback
372,373,The Awakening,Kate Chopin,3.68,218930,9780543898081,0543898083,"Genres, Classics, Fiction, Feminism, School, Literature, Historical Fiction, Read For School",,195,Paperback
373,374,The Hound of the Baskervilles,Arthur Conan Doyle,4.13,368526,Not found,Not found,"Genres, Mystery, Fiction, Crime, Classics, Mystery Thriller, Thriller, Audiobook","Sherlock Holmes, #5",256,Mass Market Paperback
374,375,The Graveyard Book,Neil Gaiman,4.16,556936,9780060530921,0060530928,"Genres, Fantasy, Young Adult, Fiction, Horror, Middle Grade, Paranormal, Audiobook",,312,Hardcover
375,376,Do Androids Dream of Electric Sheep?,Philip K. Dick,4.09,483922,Not found,B0DWVGYNQZ,"Genres, Science Fiction, Fiction, Dystopia, Cyberpunk, Science Fiction Fantasy, Fantasy, Novels",,258,ebook
376,377,Middlemarch,George Eliot,4.03,171784,9780451529176,0451529170,"Genres, Classics, Fiction, Historical Fiction, Literature, 19th Century, Victorian, Novels",,912,Mass Market Paperback
377,378,The Monster at the End of this Book,Jon Stone,4.46,126099,9780375829130,037582913X,"Genres, Picture Books, Childrens, Fiction, Humor, Classics, Monsters, Storytime",,32,Hardcover
378,379,Stardust,Neil Gaiman,4.1,472288,9780061142024,0061142026,"Genres, Fantasy, Fiction, Young Adult, Adventure, Audiobook, Magic, Science Fiction Fantasy",,248,Paperback
379,380,Fifty Shades Darker,E.L. James,3.83,951056,9781612130583,1612130585,"Genres, Romance, Fiction, Erotica, BDSM, Contemporary, Contemporary Romance, Chick Lit","Fifty Shades, #2",532,Paperback
380,381,Sophie’s Choice,William Styron,4.17,92936,9780679736370,0679736379,"Genres, Fiction, Historical Fiction, Holocaust, War, Classics, Historical, World War II",,562,Paperback
381,382,Black Beauty,Anna Sewell,,290232,9780439228909,0439228905,"Genres, Classics, Fiction, Childrens, Animals, Young Adult, Horses, Historical Fiction",,245,Mass Market Paperback
382,383,The Prince of Tides,Pat Conroy,4.26,212556,9780553381542,0553381547,"Genres, Fiction, Classics, Romance, Southern, Contemporary, Literary Fiction, Literature",,679,Paperback
383,384,Aristotle and Dante Discover the Secrets of the Universe,Benjamin Alire Sáenz,4.3,650175,9781442408920,1442408928,"Genres, Young Adult, LGBT, Contemporary, Fiction, Queer, Audiobook, Coming Of Age","Aristotle and Dante, #1",390,Hardcover
384,385,Things Fall Apart,Chinua Achebe,3.74,394480,Not found,B0DSZL6M5S,"Genres, Fiction, Classics, Historical Fiction, Africa, School, Literature, Nigeria","The African Trilogy, #1",215,Paperback
385,386,Dead Until Dark,Charlaine Harris,3.97,552584,9780441008537,0441008534,"Genres, Fantasy, Vampires, Paranormal, Romance, Urban Fantasy, Fiction, Mystery","Sookie Stackhouse, #1",292,Mass Market Paperback
386,387,A Time to Kill,John Grisham,4.12,815809,Not found,B00DWWHQYQ,"Genres, Fiction, Thriller, Mystery, Crime, Suspense, Legal Thriller, Mystery Thriller","Jake Brigance, #1",738,Mass Market Paperback
387,388,Number the Stars,Lois Lowry,4.19,598509,9780440227533,0440227534,"Genres, Historical Fiction, Young Adult, Fiction, Classics, Middle Grade, Historical, Childrens",,137,Mass Market Paperback
388,389,Bridget Jones’s Diary,Helen Fielding,3.81,1005492,9780140280098,014028009X,"Genres, Fiction, Chick Lit, Romance, Contemporary, Humor, Comedy, Adult Fiction","Bridget Jones, #1",288,Hardcover
389,390,Ignite Me,Tahereh Mafi,4.45,591183,9780062085597,B07H56SK9J,"Genres, Fantasy, Dystopia, Romance, Young Adult, Enemies To Lovers, Science Fiction, Fiction","Shatter Me, #3",408,Kindle Edition
390,391,The Magician’s Nephew,C.S. Lewis,4.05,576678,9780060764906,0060764902,"Genres, Fantasy, Fiction, Young Adult, Childrens, Middle Grade, Christian, Adventure","Chronicles of Narnia, #6",221,Mass Market Paperback
391,392,The Art of Racing in the Rain,Garth Stein,4.23,539090,9781554681723,1554681723,"Genres, Fiction, Animals, Dogs, Audiobook, Adult Fiction, Book Club, Contemporary",,336,Hardcover
392,393,V for Vendetta,Alan Moore,4.26,317098,9781401207922,1401207928,"Genres, Graphic Novels, Comics, Fiction, Dystopia, Science Fiction, Graphic Novels Comics, Classics",,296,Hardcover
393,394,Eleanor & Park,Rainbow Rowell,3.93,1224357,9781250012579,1250012570,"Genres, Young Adult, Romance, Fiction, Contemporary, Realistic Fiction, Audiobook, Coming Of Age",,328,Hardcover
394,395,American Psycho,Bret Easton Ellis,3.81,340536,9780679735779,0679735771,"Genres, Fiction, Horror, Classics, Thriller, Crime, Contemporary, Novels",,399,Paperback
395,396,War and Peace,Leo Tolstoy,4.16,350300,9780192833983,0192833987,"Genres, Classics, Fiction, Historical Fiction, Russia, Russian Literature, Literature, War",,1392,Paperback
396,397,Franny and Zooey,J.D. Salinger,3.96,231732,9780316769020,0316769029,"Genres, Fiction, Short Stories, Literature, Classics, American, Novels, Literary Fiction",,201,Paperback
397,398,Beowulf,Unknown,3.49,332790,9780393320978,0393320979,"Genres, Poetry, Fiction, Fantasy, Classics, Mythology, School, Literature",,259,Paperback
398,399,White Fang,Jack London,4.03,198754,Not found,Not found,"Genres, Fiction, Classics, Adventure, Animals, Young Adult, Historical Fiction, Literature",,252,Paperback
399,400,Love You Forever,Robert Munsch,4.38,243360,9780920668375,0920668372,"Genres, Picture Books, Childrens, Fiction, Classics, Family, Love, Kids",,32,Paperback
400,401,The Witches,Roald Dahl,4.18,414489,9780590032490,0590032496,"Genres, Fantasy, Childrens, Fiction, Classics, Middle Grade, Young Adult, Witches",,208,Paperback
401,402,A Little Life,Hanya Yanagihara,4.3,805878,9780385539258,0385539258,"Genres, Fiction, Contemporary, Literary Fiction, LGBT, Queer, Mental Health, Novels",,720,Hardcover
402,403,Allegiant,Veronica Roth,3.6,1105978,9780007524273,0007524277,"Genres, Young Adult, Dystopia, Fiction, Fantasy, Science Fiction, Romance, Adventure","Divergent, #3",531,Hardcover
403,404,A Short History of Nearly Everything,Bill Bryson,4.22,406241,9780767908184,076790818X,"Genres, Nonfiction, Science, History, Audiobook, Humor, Physics, Popular Science",,544,Paperback
404,405,Harry Potter Series Box Set,J.K. Rowling,4.73,297101,9780545044257,0545044251,"Genres, Fantasy, Young Adult, Fiction, Magic, Childrens, Adventure, Classics","Harry Potter, #1-7",4100,Hardcover
405,406,The Gunslinger,Stephen King,3.92,640743,9781501143519,1501143514,"Genres, Fantasy, Fiction, Horror, Science Fiction, Audiobook, Adventure, Science Fiction Fantasy","The Dark Tower, #1",231,Paperback
406,407,If I Stay,Gayle Forman,3.91,946043,9780525421030,0525421033,"Genres, Young Adult, Romance, Contemporary, Fiction, Realistic Fiction, Teen, Music","If I Stay, #1",208,Hardcover
407,408,The Power of One,Bryce Courtenay,4.35,91852,9780345410054,034541005X,"Genres, Fiction, Historical Fiction, Africa, Classics, South Africa, Coming Of Age, Historical","The Power of One, #1",544,Paperback
408,409,The Complete Novels,Jane Austen,4.57,33701,9780140259445,0140259449,"Genres, Classics, Fiction, Romance, Historical Fiction, Literature, Historical, Classic Literature",,1344,Paperback
409,410,Gulliver’s Travels,Jonathan Swift,3.59,289443,9780141439495,B06XVF5QFY,"Genres, Classics, Fiction, Fantasy, Adventure, Literature, Novels, 18th Century",,306,Paperback
410,411,The Eye of the World,Robert Jordan,4.19,561639,9780812511819,0812511816,"Genres, Fantasy, Fiction, Epic Fantasy, High Fantasy, Audiobook, Science Fiction Fantasy, Adventure","The Wheel of Time, #1",800,Mass Market Paperback
411,412,The House of Hades,Rick Riordan,4.57,456454,9781423146728,1423146727,"Genres, Fantasy, Mythology, Young Adult, Fiction, Middle Grade, Adventure, Greek Mythology","The Heroes of Olympus, #4",597,Hardcover
412,413,Tuck Everlasting,Natalie Babbitt,3.9,285711,9780374480097,0374480095,"Genres, Fantasy, Classics, Young Adult, Fiction, Childrens, Middle Grade, School",,148,Paperback
413,414,It Ends with Us,Colleen Hoover,4.12,4233241,9781668021040,1668021048,"Genres, Fiction, Contemporary, Audiobook, New Adult, Contemporary Romance, Abuse, Chick Lit","It Ends with Us, #1",386,Kindle Edition
414,415,Fifty Shades Freed,E.L. James,3.83,892739,9780345803504,B00DNW19FC,"Genres, Romance, Erotica, Fiction, BDSM, Contemporary, Contemporary Romance, Chick Lit","Fifty Shades, #3",579,Paperback
415,416,"A Child Called ""It""",Dave Pelzer,4.13,450560,Not found,Not found,"Genres, Nonfiction, Memoir, Biography, Psychology, Autobiography, Abuse, Biography Memoir","Dave Pelzer, #1",184,Paperback
416,417,’Salem’s Lot,Stephen King,4.1,623014,9780450031069,0450031063,"Genres, Horror, Fiction, Vampires, Fantasy, Thriller, Paranormal, Audiobook",,483,Paperback
417,418,A Portrait of the Artist as a Young Man,James Joyce,3.64,158707,9780142437346,0142437344,"Genres, Classics, Fiction, Literature, Irish Literature, Ireland, Novels, 20th Century",,329,Paperback
418,419,Bel Canto,Ann Patchett,3.94,304604,Not found,Not found,"Genres, Fiction, Contemporary, Literary Fiction, Historical Fiction, Audiobook, Book Club, Music",,318,Paperback
419,420,11/22/63,Stephen King,4.34,593292,9781451627282,1451627289,"Genres, Fiction, Historical Fiction, Science Fiction, Time Travel, Horror, Fantasy, Thriller",,849,Hardcover
420,421,The Grapes of Wrath,John Steinbeck,4.02,954793,9780670016907,067001690X,"Genres, Classics, Fiction, Historical Fiction, Literature, Novels, School, American",,496,Hardcover
421,422,Heir of Fire,Sarah J. Maas,4.46,1277428,9781619630659,1619630656,"Genres, Young Adult, Romance, Fantasy, Fiction, Magic, Fae, Romantasy","Throne of Glass, #3",565,Hardcover
422,423,Inferno,Dante Alighieri,4.03,195592,9780812970067,B0BQJ59T18,"Genres, Classics, Poetry, Fiction, Literature, Religion, Fantasy, School",,490,Kindle Edition
423,424,القرآن الكريم,Anonymous,4.38,70632,Not found,B0DTR624WB,"Genres, Nonfiction, Classics, Philosophy, Religion, Spirituality, History, Theology",,604,Hardcover
424,425,Fourth Wing,Rebecca Yarros,4.58,2778289,9781649374042,1649374046,"Genres, Romantasy, Dragons, Fiction, Audiobook, Enemies To Lovers, Fantasy Romance, Magic","The Empyrean, #1",498,Hardcover
425,426,Tao Te Ching,Lao Tzu,4.29,172111,9780679724346,0679724346,"Genres, Philosophy, Nonfiction, Classics, Spirituality, Poetry, China, Self Help",,107,Paperback
426,427,Cold Mountain,Charles Frazier,3.89,246749,9780802142849,0802142842,"Genres, Historical Fiction, Fiction, Historical, Romance, Civil War, War, Classics",,449,Paperback
427,428,The Tell-Tale Heart and Other Writings,Edgar Allan Poe,4.19,242797,9780553212280,0553212281,"Genres, Classics, Horror, Fiction, Short Stories, Poetry, Gothic, Mystery",,448,Mass Market Paperback
428,429,As I Lay Dying,William Faulkner,3.72,178267,Not found,Not found,"Genres, Classics, Fiction, Literature, Novels, American, School, Southern Gothic",,288,Paperback
429,430,Cloud Atlas,David Mitchell,4.01,258864,9780375507250,B00A2M3QD4,"Genres, Fiction, Science Fiction, Fantasy, Historical Fiction, Dystopia, Literary Fiction, Contemporary",,509,Paperback
430,431,Go Ask Alice,Beatrice Sparks,3.74,283714,9781416914631,1416914633,"Genres, Young Adult, Fiction, Classics, Contemporary, Mental Health, Banned Books, Realistic Fiction",,213,Paperback
431,432,The Hunchback of Notre-Dame,Victor Hugo,4.02,210004,9780451527882,0451527887,"Genres, Fiction, Classics, Historical Fiction, France, Literature, Gothic, French Literature",,510,Paperback
432,433,Eldest,Christopher Paolini,4.04,473102,9780375840401,0375840400,"Genres, Fantasy, Young Adult, Fiction, Dragons, Adventure, Magic, High Fantasy","The Inheritance Cycle, #2",704,Paperback
433,434,Mansfield Park,Jane Austen,3.86,366062,Not found,Not found,"Genres, Fiction, Classics, Historical Fiction, Literature, Audiobook, Historical, 19th Century",,488,Paperback
434,435,Dr. Jekyll and Mr. Hyde,Robert Louis Stevenson,3.83,628127,9780451528957,0451528956,"Genres, Horror, Gothic, Mystery, Science Fiction, Fantasy, Audiobook, Literature",,139,Mass Market Paperback
435,436,The Martian Chronicles,Ray Bradbury,4.16,275316,9780553278224,B00LNVWRG0,"Genres, Science Fiction, Fiction, Classics, Short Stories, Fantasy, Science Fiction Fantasy, Audiobook",,182,Mass Market Paperback
436,437,Dark Lover,J.R. Ward,4.16,345527,9780451216953,0451216954,"Genres, Paranormal, Vampires, Paranormal Romance, Fantasy, Urban Fantasy, Fiction, Supernatural","Black Dagger Brotherhood, #1",393,Mass Market Paperback
437,438,Brisingr,Christopher Paolini,4.1,398804,9780375826726,0375826726,"Genres, Fantasy, Young Adult, Fiction, Dragons, Adventure, Magic, High Fantasy",The Inheritance Cycle #3,748,Hardcover
438,439,A Separate Peace,John Knowles,3.6,226971,Not found,Not found,"Genres, Classics, Fiction, Historical Fiction, School, Young Adult, Coming Of Age, High School",,208,Paperback
439,440,Steppenwolf,Hermann Hesse,4.13,201227,9780140282580,0140282580,"Genres, Fiction, Classics, Philosophy, German Literature, Literature, Novels, Germany",,256,Paperback
440,441,Beautiful Creatures,Kami Garcia,3.77,613053,9780316042673,0316042676,"Genres, Fantasy, Young Adult, Romance, Paranormal, Fiction, Magic, Supernatural","Caster Chronicles, #1",563,Hardcover
441,442,The BFG,Roald Dahl,4.23,507685,9780141311371,0141311371,"Genres, Fantasy, Childrens, Fiction, Middle Grade, Young Adult, Humor, Adventure",,199,Paperback
442,443,Obsidian,Jennifer L. Armentrout,4.13,290965,Not found,Not found,"Genres, Young Adult, Fantasy, Romance, Paranormal, Aliens, Science Fiction, Paranormal Romance","Lux, #1",335,Paperback
443,444,Robinson Crusoe,Daniel Defoe,3.68,320298,Not found,B0DSZQ4G7H,"Genres, Fiction, Classics, Adventure, Literature, Historical Fiction, Novels, 18th Century",,320,Hardcover
444,445,Red Queen,Victoria Aveyard,3.99,1105466,9780062310637,0062310631,"Genres, Young Adult, Dystopia, Romance, Fiction, Young Adult Fantasy, Audiobook, Magic","Red Queen, #1",388,Hardcover
445,446,Hidden Pictures,Jason Rekulak,4.16,447917,9781250819345,1250819342,"Genres, Horror, Thriller, Mystery, Fiction, Mystery Thriller, Audiobook, Paranormal",,372,Hardcover
446,447,Miss Peregrine's Home for Peculiar Children,Ransom Riggs,3.92,1320116,9781594744761,1594744769,"Genres, Fantasy, Young Adult, Fiction, Paranormal, Mystery, Horror, Historical Fiction","Miss Peregrine's Peculiar Children, #1",352,Hardcover
447,448,Stargirl,Jerry Spinelli,3.77,332342,9780439488402,0439488400,"Genres, Young Adult, Fiction, Contemporary, Romance, Realistic Fiction, Middle Grade, Childrens","Stargirl, #1",186,Paperback
448,449,Room,Emma Donoghue,4.08,821134,Not found,B003YFIUW8,"Genres, Fiction, Contemporary, Thriller, Adult Fiction, Audiobook, Book Club, Crime",,321,Kindle Edition
449,450,The Amazing Adventures of Kavalier & Clay,Michael Chabon,4.18,207938,9780312282998,B007C4D1G2,"Genres, Fiction, Historical Fiction, Novels, Literary Fiction, Literature, Historical, Contemporary",,639,Paperback
450,451,Where the Crawdads Sing,Delia Owens,4.38,3376781,9780735219113,0735219117,"Genres, Fiction, Historical Fiction, Mystery, Audiobook, Romance, Contemporary, Historical",,384,ebook
451,452,The Remains of the Day,Kazuo Ishiguro,4.14,333031,Not found,Not found,"Genres, Fiction, Historical Fiction, Classics, Literary Fiction, Historical, Literature, Novels",,258,Paperback
452,453,The Amber Spyglass,Philip Pullman,4.1,372702,9780440238157,0440238153,"Genres, Fantasy, Young Adult, Fiction, Adventure, Audiobook, Science Fiction, Childrens","His Dark Materials, #3",465,Mass Market Paperback
453,454,City of Heavenly Fire,Cassandra Clare,4.38,403201,9781481426305,1481426303,"Genres, Fantasy, Young Adult, Romance, Paranormal, Urban Fantasy, Vampires, Fiction","The Mortal Instruments, #6",725,Hardcover
454,455,زندگی مه آلود پریا,سید مرتضی مصطفوی,3.34,1031,9786007072714,6007072711,"Genres, Fiction",,204,ebook
455,456,"Blood Meridian, or, the Evening Redness in the West",Cormac McCarthy,4.16,193523,Not found,B0DSZLN57Y,"Genres, Fiction, Historical Fiction, Westerns, Classics, Horror, Literature, Novels",,351,Paperback
456,457,Circe,Madeline Miller,4.23,1217108,9780316556347,0316556343,"Genres, Fantasy, Fiction, Mythology, Historical Fiction, Greek Mythology, Audiobook, Retellings",,393,Hardcover
457,458,Zen and the Art of Motorcycle Maintenance: An Inquiry Into Values,Robert M. Pirsig,3.78,238678,9780060589462,0060589469,"Genres, Philosophy, Fiction, Classics, Spirituality, Travel, Psychology, Self Help","Phaedrus, #1",540,Mass Market Paperback
458,459,The Firm,Robin Waterfield,4.06,633429,9780582418271,0582418275,"Genres, Fiction, Thriller, Mystery, Crime, Suspense, Mystery Thriller, Legal Thriller",,76,Paperback
459,460,The Plague,Albert Camus,4.02,291160,Not found,B0DSZTSVB9,"Genres, Fiction, Classics, Philosophy, France, Literature, French Literature, Novels",,308,Paperback
460,461,Doctor Zhivago,Boris Pasternak,4.01,99986,9780679774389,0679774386,"Genres, Fiction, Historical Fiction, Russia, Russian Literature, Classics, Romance, Literature",,592,Paperback
461,462,Dear John,Nicholas Sparks,4.04,610444,9780446528054,0446528056,"Genres, Romance, Fiction, Chick Lit, Contemporary, Contemporary Romance, Young Adult, Adult Fiction",,276,Hardcover
462,463,Coraline,Neil Gaiman,4.13,746739,9780061139376,0061139378,"Genres, Fantasy, Horror, Fiction, Young Adult, Middle Grade, Childrens, Audiobook",,176,Paperback
463,464,The English Patient,Michael Ondaatje,3.86,136025,9780771068713,0771068719,"Genres, Fiction, Historical Fiction, Classics, Romance, War, Historical, Canada",,320,Hardcover
464,465,Midnight’s Children,Salman Rushdie,3.98,129100,9780099578512,0099578514,"Genres, Fiction, Magical Realism, Classics, India, Historical Fiction, Fantasy, Literature",,647,Paperback
465,466,The Last Song,Nicholas Sparks,4.16,565019,9780446547567,B0046NN9AU,"Genres, Romance, Fiction, Young Adult, Contemporary, Chick Lit, Drama, Contemporary Romance",,390,Paperback
466,467,A Court of Mist and Fury,Sarah J. Maas,4.64,2742893,9781635575583,1635575583,"Genres, Fantasy, Romance, Romantasy, Young Adult, Fiction, New Adult, Fae","A Court of Thorns and Roses, #2",626,Paperback
467,468,All the Bright Places,Jennifer Niven,4.12,604253,9780385755887,0385755880,"Genres, Young Adult, Romance, Contemporary, Fiction, Mental Health, Realistic Fiction, Mental Illness",,388,Hardcover
468,469,Like Water for Chocolate,Laura Esquivel,3.95,382296,Not found,Not found,"Genres, Fiction, Magical Realism, Romance, Historical Fiction, Classics, Fantasy, Spanish Literature",,222,Paperback
469,470,Crescendo,Becca Fitzpatrick,3.98,332266,9781416989431,1416989439,"Genres, Young Adult, Fantasy, Romance, Angels, Paranormal, Paranormal Romance, Fiction","Hush, Hush, #2",427,Hardcover
470,471,Dragonfly in Amber,Diana Gabaldon,4.34,373140,Not found,B0DSY9RH6K,"Genres, Historical Fiction, Romance, Fantasy, Fiction, Time Travel, Historical, Historical Romance","Outlander, #2",947,Paperback
471,472,Crown of Midnight,Sarah J. Maas,4.36,1452603,9781619630628,1619630621,"Genres, Young Adult, Romance, Fiction, Magic, Romantasy, Young Adult Fantasy, High Fantasy","Throne of Glass, #2",420,Hardcover
472,473,Midnight in the Garden of Good and Evil,John Berendt,3.92,284397,9780679751526,0679751521,"Genres, Nonfiction, True Crime, Mystery, Crime, History, Classics, Audiobook",,386,Paperback
473,474,A Streetcar Named Desire,Tennessee Williams,3.98,327489,9780822210894,0822210894,"Genres, Plays, Classics, Fiction, Drama, School, Read For School, Literature",,107,Paperback
474,475,My Ántonia,Willa Cather,3.84,142916,9781583485095,1583485090,"Genres, Fiction, Historical Fiction, Classics, Literature, School, American, Historical",,219,Paperback
475,476,The One,Kiera Cass,4.14,741238,9780062059994,0062059998,"Genres, Romance, Young Adult, Dystopia, Fantasy, Fiction, Audiobook, Science Fiction","The Selection, #3",323,Hardcover
476,477,The Invisible Life of Addie LaRue,Victoria E. Schwab,4.18,1308636,9780765387561,0765387565,"Genres, Fantasy, Fiction, Romance, Historical Fiction, Historical, Magical Realism, LGBT",,448,Hardcover
477,478,Local Woman Missing,Mary Kubica,4.13,629481,9780778311669,077831166X,"Genres, Thriller, Mystery, Mystery Thriller, Audiobook, Fiction, Suspense, Crime",,356,Paperback
478,479,Breakfast of Champions,Kurt Vonnegut Jr.,4.06,271423,9780385334204,0385334206,"Genres, Fiction, Classics, Science Fiction, Humor, Literature, Novels, American",,303,Paperback
479,480,Breakfast at Tiffany’s and Three Stories,Truman Capote,3.84,282197,Not found,Not found,"Genres, Fiction, Short Stories, Classics, Romance, Audiobook, American, Literature",,142,Paperback
480,481,The Prince,Niccolò Machiavelli,3.84,362710,9780937832387,0937832383,"Genres, Philosophy, Nonfiction, Politics, History, Political Science, Literature, Italy",,144,Paperback
481,482,The Subtle Knife,Philip Pullman,4.15,448969,Not found,B00SSJYF8S,"Genres, Fantasy, Young Adult, Fiction, Audiobook, Childrens, Adventure, Science Fiction","His Dark Materials, #2",370,Kindle Edition
482,483,The Virgin Suicides,Jeffrey Eugenides,3.79,381025,9780747560593,0747560595,"Genres, Fiction, Young Adult, Literary Fiction, Coming Of Age, Mental Health, Contemporary, Novels",,250,Paperback
483,484,The Origin of Species,Charles Darwin,4.01,118809,Not found,Not found,"Genres, Science, Nonfiction, Classics, Biology, Evolution, History, Philosophy",,703,Hardcover
484,485,Daughter of Smoke & Bone,Laini Taylor,3.99,379088,9780316134026,0316134023,"Genres, Fantasy, Young Adult, Romance, Paranormal, Urban Fantasy, Angels, Fiction","Daughter of Smoke & Bone, #1",418,Hardcover
485,486,A Fine Balance,Rohinton Mistry,4.38,154810,9781400030651,140003065X,"Genres, Fiction, Historical Fiction, India, Indian Literature, Literary Fiction, Historical, Asia",,603,Paperback
486,487,Hopeless,Colleen Hoover,4.23,640894,9781301949823,B08GWTKXCP,"Genres, Romance, New Adult, Young Adult, Contemporary, Fiction, Contemporary Romance, Abuse","Hopeless, #1",410,Kindle Edition
487,488,Queen of Shadows,Sarah J. Maas,4.62,1142321,9781619636040,1619636042,"Genres, Young Adult, Romance, Fiction, Fae, Magic, Romantasy, Young Adult Fantasy","Throne of Glass, #4",648,Hardcover
488,489,"Red, White & Royal Blue",Casey McQuiston,4.06,1140209,9781250316776,1250316774,"Genres, Romance, LGBT, Contemporary, Fiction, Queer, Young Adult, Enemies To Lovers",,448,Paperback
489,490,"Unbroken: A World War II Story of Survival, Resilience and Redemption",Laura Hillenbrand,4.39,977692,9781400064168,1400064163,"Genres, Nonfiction, History, Biography, World War II, War, Historical, Audiobook",,475,Hardcover
490,491,Infinite Jest,David Foster Wallace,4.25,96922,Not found,Not found,"Genres, Fiction, Classics, Literature, Novels, Contemporary, Humor, Literary Fiction",,1088,Paperback
491,492,A Feast for Crows,George R.R. Martin,4.17,766454,9780553582024,B005JV4KFG,"Genres, Fantasy, Fiction, Epic Fantasy, High Fantasy, Science Fiction Fantasy, Audiobook, Dragons","A Song of Ice and Fire, #4",1060,Mass Market Paperback
492,493,Death of a Salesman,Arthur Miller,3.58,248305,9780435233075,0435233076,"Genres, Classics, Plays, Fiction, Drama, School, Theatre, Literature",,144,Hardcover
493,494,Carrie,Stephen King,3.99,793640,9781416524304,1416524304,"Genres, Horror, Fiction, Thriller, Classics, Fantasy, Paranormal, Supernatural",,272,Mass Market Paperback
494,495,Flowers in the Attic,V.C. Andrews,3.85,227705,9780743496315,B000FCSIOS,"Genres, Fiction, Horror, Young Adult, Classics, Gothic, Mystery, Thriller","Dollanganger, #1",389,Paperback
495,496,Pippi Longstocking,Astrid Lindgren,4.15,205101,9780142402498,0142402494,"Genres, Classics, Childrens, Fiction, Middle Grade, Fantasy, Young Adult, Humor","Pippi Långstrump, #1",160,Mass Market Paperback
496,497,The Hate U Give,Angie Thomas,4.46,966573,9780062498533,0062498533,"Genres, Young Adult, Fiction, Contemporary, Audiobook, Realistic Fiction, Race, Social Justice","The Hate U Give, #1",454,Hardcover
497,498,Evermore,Alyson Noel,3.59,295741,9780312532758,031253275X,"Genres, Young Adult, Fantasy, Paranormal, Romance, Paranormal Romance, Fiction, Supernatural","The Immortals, #1",301,Paperback
498,499,We Were Liars,E. Lockhart,3.66,1236013,9780385741279,0385741278,"Genres, Young Adult, Mystery, Fiction, Contemporary, Romance, Thriller, Mystery Thriller",,242,Kindle Edition
499,500,The Scarlet Pimpernel,Emmuska Orczy,4.07,138835,9781576469231,1576469239,"Genres, Classics, Historical Fiction, Fiction, Adventure, Historical, Mystery, France",,182,Paperback
500,501,The Nightingale,Kristin Hannah,4.64,1743746,9780312577223,0312577222,"Genres, Historical Fiction, Fiction, Historical, Audiobook, World War II, War, Romance",,564,Hardcover
501,502,I Know Why the Caged Bird Sings,Maya Angelou,4.3,557511,9780553279375,B00P4JQBIC,"Genres, Nonfiction, Classics, Memoir, Biography, Autobiography, Poetry, Feminism","Maya Angelou's Autobiography, #1",289,Paperback
502,503,The Host,Stephenie Meyer,3.86,1032867,9780316068048,0316068047,"Genres, Fantasy, Young Adult, Science Fiction, Romance, Fiction, Dystopia, Paranormal","The Host, #1",619,Hardcover
503,504,"The Devil in the White City: Murder, Magic, and Madness at the Fair That Changed America",Erik Larson,,725687,9780609608449,0609608444,"Genres, Nonfiction, History, True Crime, Crime, Historical, Mystery, Audiobook",,464,Hardcover
504,505,Persuasion,Jane Austen,4.15,738884,9780192802637,0192802631,"Genres, Fiction, Classics, Historical Fiction, Audiobook, Historical, Literature, 19th Century",,249,Paperback
505,506,Jonathan Strange & Mr Norrell,Susanna Clarke,3.87,246040,Not found,Not found,"Genres, Fantasy, Fiction, Historical Fiction, Historical, Magic, Audiobook, Science Fiction Fantasy",,1006,Paperback
506,507,The Raven Boys,Maggie Stiefvater,4.05,388254,9780545424929,0545424925,"Genres, Fantasy, Young Adult, Paranormal, Romance, Fiction, Audiobook, Urban Fantasy","The Raven Cycle, #1",409,Hardcover
507,508,Snow Flower and the Secret Fan,Lisa See,4.09,380134,Not found,B000FCK71U,"Genres, Historical Fiction, Fiction, China, Historical, Book Club, Asian Literature, Adult Fiction",,288,Kindle Edition
508,509,Artemis Fowl,Eoin Colfer,3.86,555874,Not found,Not found,"Genres, Fantasy, Young Adult, Fiction, Middle Grade, Childrens, Science Fiction, Adventure","Artemis Fowl, #1",396,Paperback
509,509,Sharp Objects,Gillian Flynn,4.01,1148397,9780297851530,0297851535,"Genres, Mystery, Thriller, Fiction, Mystery Thriller, Crime, Audiobook, Suspense",,254,Paperback
510,511,Anna and the French Kiss,Stephanie Perkins,3.96,460405,9780525423270,0525423273,"Genres, Romance, Young Adult, Contemporary, Fiction, Chick Lit, Realistic Fiction, Contemporary Romance","Anna and the French Kiss, #1",372,Hardcover
511,512,Northanger Abbey,Jane Austen,3.85,429190,9781593082642,1593082649,"Genres, Classics, Fiction, Gothic, Historical Fiction, Literature, Audiobook, Historical",,260,Paperback
